"","Dvex.abundance","Location","Year","Month","Sampling.site","Filter.number","Rep.number","Ct.value","calib.curve","CN.back","CN.back.se","labs","n","rate"
"1","high","Creran",2017,"June","A",1,1,37.84,"706",3.91662951087913,1.38512364643902,"Creran_2017_June_A_1",3,1
"2","high","Creran",2017,"June","A",1,2,38.51,"706",2.4709695125764,1.38826629779625,"Creran_2017_June_A_1",3,1
"3","high","Creran",2017,"June","A",1,3,37.18,"706",6.16555035362202,1.38225449420079,"Creran_2017_June_A_1",3,1
"4","high","Creran",2017,"June","A",2,1,37.62,"706",4.55615976216618,1.38414212996799,"Creran_2017_June_A_2",3,1
"5","high","Creran",2017,"June","A",2,2,38.47,"706",2.53986350819943,1.388072227071,"Creran_2017_June_A_2",3,1
"6","high","Creran",2017,"June","A",2,3,36.61,"706",9.12345796636746,1.3799597654403,"Creran_2017_June_A_2",3,1
"7","high","Creran",2017,"June","A",3,1,39.52,"706",1.23397640546399,1.39343487056911,"Creran_2017_June_A_3",3,1
"8","high","Creran",2017,"June","A",3,2,36.98,"706",7.07435428610901,1.38142989054584,"Creran_2017_June_A_3",3,1
"9","high","Creran",2017,"June","A",3,3,39.09,"706",1.65841803741455,1.39117157248965,"Creran_2017_June_A_3",3,1
"10","high","Creran",2017,"June","A",4,1,38.93,"706",1.85125386383797,1.39035312025371,"Creran_2017_June_A_4",3,1
"11","high","Creran",2017,"June","A",4,2,39.71,"706",1.08287330320822,1.39446434601966,"Creran_2017_June_A_4",3,1
"12","high","Creran",2017,"June","A",4,3,40.1,"706",0.828196672662176,1.39663353778658,"Creran_2017_June_A_4",3,1
"13","high","Creran",2017,"June","A",5,1,38.49,"706",2.50517969312904,1.38816916050846,"Creran_2017_June_A_5",3,1
"14","high","Creran",2017,"June","A",5,2,38.71,"706",2.15353745881365,1.38924886386194,"Creran_2017_June_A_5",3,1
"15","high","Creran",2017,"June","A",5,3,38.72,"706",2.13878279813143,1.38929852553284,"Creran_2017_June_A_5",3,1
"16","high","Creran",2017,"June","B",3,1,40.23,"706",0.757388592258301,1.3973732650985,"Creran_2017_June_B_3",2,0.666666666666667
"17","high","Creran",2017,"June","B",3,3,40.79,"706",0.515367325690366,1.40065424388561,"Creran_2017_June_B_3",2,0.666666666666667
"18","high","Creran",2017,"June","C",1,1,37.04,"706",6.78847649552294,1.38167507111223,"Creran_2017_June_C_1",3,1
"19","high","Creran",2017,"June","C",1,2,36.88,"706",7.57781998168698,1.38102545534866,"Creran_2017_June_C_1",3,1
"20","high","Creran",2017,"June","C",1,3,36.99,"706",7.02588533721274,1.38147062283898,"Creran_2017_June_C_1",3,1
"21","high","Creran",2017,"June","C",2,1,39.17,"706",1.5696688143588,1.39158563220047,"Creran_2017_June_C_2",3,1
"22","high","Creran",2017,"June","C",2,2,39.03,"706",1.72825769653642,1.39086314088693,"Creran_2017_June_C_2",3,1
"23","high","Creran",2017,"June","C",2,3,39.53,"706",1.22552198871912,1.39348860550013,"Creran_2017_June_C_2",3,1
"24","high","Creran",2017,"June","C",3,1,39.23,"706",1.50623780221939,1.39189828712065,"Creran_2017_June_C_3",3,1
"25","high","Creran",2017,"June","C",3,2,39.5,"706",1.25106061286265,1.39332755026862,"Creran_2017_June_C_3",3,1
"26","high","Creran",2017,"June","C",3,3,38.62,"706",2.29099510268986,1.38880419293421,"Creran_2017_June_C_3",3,1
"27","high","Creran",2017,"June","C",4,1,40.09,"706",0.833910091011133,1.39657697978808,"Creran_2017_June_C_4",3,1
"28","high","Creran",2017,"June","C",4,2,38.99,"706",1.77644387510909,1.39065852739557,"Creran_2017_June_C_4",3,1
"29","high","Creran",2017,"June","C",4,3,39.81,"706",1.01092786743116,1.39501337775794,"Creran_2017_June_C_4",3,1
"30","high","Creran",2017,"June","C",5,1,38.89,"706",1.90286934308336,1.39015052522908,"Creran_2017_June_C_5",3,1
"31","high","Creran",2017,"June","C",5,2,38.43,"706",2.61067836225828,1.38787897208355,"Creran_2017_June_C_5",3,1
"32","high","Creran",2017,"June","C",5,3,38.3,"706",2.85475006504465,1.38725653517592,"Creran_2017_June_C_5",3,1
"33","high","Creran",2017,"June","D",1,1,39.28,"706",1.4553411315834,1.39216021262652,"Creran_2017_June_D_1",2,0.666666666666667
"34","high","Creran",2017,"June","D",1,3,40.15,"706",0.800211414817636,1.3969170655929,"Creran_2017_June_D_1",2,0.666666666666667
"35","high","Creran",2017,"June","D",3,1,33.79,"706",63.4074612202171,1.37116187377502,"Creran_2017_June_D_3",3,1
"36","high","Creran",2017,"June","D",3,2,33.94,"706",57.1944841368651,1.3715210961926,"Creran_2017_June_D_3",3,1
"37","high","Creran",2017,"June","D",3,3,33.52,"706",76.3405977701699,1.37054646853227,"Creran_2017_June_D_3",3,1
"38","high","Creran",2017,"June","D",4,1,38.95,"706",1.82597354997291,1.39045472077319,"Creran_2017_June_D_4",3,1
"39","high","Creran",2017,"June","D",4,2,38.68,"706",2.198414975697,1.38910018326967,"Creran_2017_June_D_4",3,1
"40","high","Creran",2017,"June","D",4,3,40.25,"706",0.747045860932186,1.397487805759,"Creran_2017_June_D_4",3,1
"41","high","Creran",2017,"August","A",1,2,37.83,"10720201",3.56826315467438,1.33314886501018,"Creran_2017_August_A_1",2,0.666666666666667
"42","high","Creran",2017,"August","A",1,3,38.85,"10720201",1.78035265389517,1.34179765339665,"Creran_2017_August_A_1",2,0.666666666666667
"43","high","Creran",2017,"August","A",2,1,37.34,"10720201",4.98323869809644,1.32932385669269,"Creran_2017_August_A_2",2,0.666666666666667
"44","high","Creran",2017,"August","A",2,3,37.38,"10720201",4.849204294177,1.32962791261178,"Creran_2017_August_A_2",2,0.666666666666667
"45","high","Creran",2017,"August","A",3,1,37.35,"10720201",4.94938671323234,1.32939973327938,"Creran_2017_August_A_3",3,1
"46","high","Creran",2017,"August","A",3,2,37.16,"10720201",5.63374431299135,1.32797378768029,"Creran_2017_August_A_3",3,1
"47","high","Creran",2017,"August","A",3,3,35.63,"10720201",15.9853957128255,1.317727430445,"Creran_2017_August_A_3",3,1
"48","high","Creran",2017,"August","A",4,1,35.84,"10720201",13.8534213136158,1.3190010676903,"Creran_2017_August_A_4",3,1
"49","high","Creran",2017,"August","A",4,2,35.96,"10720201",12.7653702040071,1.31974809947429,"Creran_2017_August_A_4",3,1
"50","high","Creran",2017,"August","A",4,3,36.88,"10720201",6.81844902984408,1.32593321820629,"Creran_2017_August_A_4",3,1
"51","high","Creran",2017,"August","A",5,1,37.75,"10720201",3.76824641193139,1.3325095264194,"Creran_2017_August_A_5",3,1
"52","high","Creran",2017,"August","A",5,2,36.95,"10720201",6.50075025867678,1.32643653016,"Creran_2017_August_A_5",3,1
"53","high","Creran",2017,"August","A",5,3,37.59,"10720201",4.20246525828136,1.33124817145637,"Creran_2017_August_A_5",3,1
"54","high","Creran",2017,"August","B",1,2,38.64,"10720201",2.05434029880559,1.33994259645273,"Creran_2017_August_B_1",2,0.666666666666667
"55","high","Creran",2017,"August","B",1,3,37.86,"10720201",3.49603658290426,1.33339010001196,"Creran_2017_August_B_1",2,0.666666666666667
"56","high","Creran",2017,"August","D",1,1,40.51,"10720201",0.574243181219272,1.35776715846656,"Creran_2017_August_D_1",2,0.666666666666667
"57","high","Creran",2017,"August","D",1,2,39.17,"10720201",1.43145058781913,1.34469717445831,"Creran_2017_August_D_1",2,0.666666666666667
"58","high","Creran",2017,"August","D",2,1,38.87,"10720201",1.75624633759642,1.34197630786056,"Creran_2017_August_D_2",3,1
"59","high","Creran",2017,"August","D",2,2,39.13,"10720201",1.4710165897112,1.34432996359115,"Creran_2017_August_D_2",3,1
"60","high","Creran",2017,"August","D",2,3,40.92,"10720201",0.434233625620256,1.36205637147554,"Creran_2017_August_D_2",3,1
"61","medium","Largs",2018,"February","L",7,2,39.99,"10720201",0.818524284546437,1.35252032542605,"Largs_2018_February_L_7",2,0.666666666666667
"62","medium","Largs",2018,"February","L",7,3,39.86,"10720201",0.894366450089025,1.35124291478382,"Largs_2018_February_L_7",2,0.666666666666667
"63","medium","Largs",2018,"February","M",1,1,39.01,"10720201",1.59639808724002,1.34323648999764,"Largs_2018_February_M_1",2,0.666666666666667
"64","medium","Largs",2018,"February","M",1,2,37.58,"10720201",4.2312085750917,1.33117010630663,"Largs_2018_February_M_1",2,0.666666666666667
"65","medium","Largs",2018,"February","M",4,1,38.92,"10720201",1.69739891354875,1.34242444615035,"Largs_2018_February_M_4",3,1
"66","medium","Largs",2018,"February","M",4,2,37.29,"10720201",5.15600348453342,1.32894584936893,"Largs_2018_February_M_4",3,1
"67","medium","Largs",2018,"February","M",4,3,36.41,"10720201",9.39333494557741,1.32267292872561,"Largs_2018_February_M_4",3,1
"68","medium","Largs",2018,"February","M",7,1,39.47,"10720201",1.1667217414227,1.34749430503817,"Largs_2018_February_M_7",2,0.666666666666667
"69","medium","Largs",2018,"February","M",7,3,38.81,"10720201",1.82956248137507,1.3414413761701,"Largs_2018_February_M_7",2,0.666666666666667
"70","medium","Largs",2018,"February","N",1,1,38.01,"10720201",3.15625027503666,1.33460836471671,"Largs_2018_February_N_1",2,0.666666666666667
"71","medium","Largs",2018,"February","N",1,2,38.8,"10720201",1.84207601588266,1.34135252202258,"Largs_2018_February_N_1",2,0.666666666666667
"72","high","Creran",2017,"September","A",1,1,38.234,"90720202",3.16219990154705,1.72098844287732,"Creran_2017_September_A_1",3,1
"73","high","Creran",2017,"September","A",1,2,36.94,"90720202",7.59864499748307,1.70620359123827,"Creran_2017_September_A_1",3,1
"74","high","Creran",2017,"September","A",1,3,38.146,"90720202",3.35646760132705,1.71989112768674,"Creran_2017_September_A_1",3,1
"75","high","Creran",2017,"September","A",2,1,34.757,"90720202",33.3474429177905,1.6879438410484,"Creran_2017_September_A_2",3,1
"76","high","Creran",2017,"September","A",2,2,34.621,"90720202",36.5661474892672,1.68708842228367,"Creran_2017_September_A_2",3,1
"77","high","Creran",2017,"September","A",2,3,35.265,"90720202",23.6367907292398,1.69143368340854,"Creran_2017_September_A_2",3,1
"78","high","Creran",2017,"September","A",3,1,36.957,"90720202",7.51162798903072,1.70637891888766,"Creran_2017_September_A_3",3,1
"79","high","Creran",2017,"September","A",3,2,37.333,"90720202",5.82236934667272,1.71038607299437,"Creran_2017_September_A_3",3,1
"80","high","Creran",2017,"September","A",3,3,36.771,"90720202",8.5204542901362,1.7044882155778,"Creran_2017_September_A_3",3,1
"81","high","Creran",2017,"September","A",4,1,38.346,"90720202",2.93112552257854,1.72240426265223,"Creran_2017_September_A_4",2,0.666666666666667
"82","high","Creran",2017,"September","A",4,2,37.492,"90720202",5.22775899668025,1.7121548210771,"Creran_2017_September_A_4",2,0.666666666666667
"83","high","Creran",2017,"September","A",5,1,37.769,"90720202",4.33322279782355,1.71534116931641,"Creran_2017_September_A_5",3,1
"84","high","Creran",2017,"September","A",5,2,40.531,"90720202",0.666990355102899,1.75427557752766,"Creran_2017_September_A_5",3,1
"85","high","Creran",2017,"September","A",5,3,37.649,"90720202",4.70023795131531,1.71394445860158,"Creran_2017_September_A_5",3,1
"86","high","Creran",2017,"September","B",1,1,38.125,"90720202",3.40456401042722,1.71963123660624,"Creran_2017_September_B_1",3,1
"87","high","Creran",2017,"September","B",1,2,38.537,"90720202",2.57533978211817,1.724868330593,"Creran_2017_September_B_1",3,1
"88","high","Creran",2017,"September","B",1,3,37.866,"90720202",4.05760454957306,1.71648839962843,"Creran_2017_September_B_1",3,1
"89","high","Creran",2017,"September","B",3,1,40.57,"90720202",0.64959726190305,1.75491686172676,"Creran_2017_September_B_3",2,0.666666666666667
"90","high","Creran",2017,"September","B",3,3,39.79,"90720202",1.10192376873139,1.74256941040147,"Creran_2017_September_B_3",2,0.666666666666667
"91","high","Creran",2017,"September","B",4,1,38.061,"90720202",3.55543609824066,1.71884386982004,"Creran_2017_September_B_4",2,0.666666666666667
"92","high","Creran",2017,"September","B",4,3,39.079,"90720202",1.7838418219985,1.73219936288124,"Creran_2017_September_B_4",2,0.666666666666667
"93","high","Creran",2017,"September","B",5,1,39.24,"90720202",1.59949787548268,1.73447303130998,"Creran_2017_September_B_5",3,1
"94","high","Creran",2017,"September","B",5,2,39.01,"90720202",1.86921353168573,1.73123835629988,"Creran_2017_September_B_5",3,1
"95","high","Creran",2017,"September","B",5,3,38.63,"90720202",2.41807739352563,1.72609069236245,"Creran_2017_September_B_5",3,1
"96","high","Creran",2018,"November","C",1,1,37.558,"90720202",4.99914466012349,1.71290193679202,"Creran_2018_November_C_1",3,1
"97","high","Creran",2018,"November","C",1,2,37.907,"90720202",3.9464433237014,1.71697820272005,"Creran_2018_November_C_1",3,1
"98","high","Creran",2018,"November","C",1,3,37.496,"90720202",5.21361067533046,1.71219988526244,"Creran_2018_November_C_1",3,1
"99","high","Creran",2018,"November","C",2,2,38.747,"90720202",2.23379899943858,1.72764945862152,"Creran_2018_November_C_2",2,0.666666666666667
"100","high","Creran",2018,"November","C",2,3,36.554,"90720202",9.86990282755855,1.7023592906778,"Creran_2018_November_C_2",2,0.666666666666667
"101","high","Creran",2018,"November","C",3,1,36.847,"90720202",8.0928314389801,1.70525342063472,"Creran_2018_November_C_3",3,1
"102","high","Creran",2018,"November","C",3,2,36.483,"90720202",10.3562835326226,1.7016807512725,"Creran_2018_November_C_3",3,1
"103","high","Creran",2018,"November","C",3,3,36.993,"90720202",7.33063209332836,1.70675187363429,"Creran_2018_November_C_3",3,1
"104","high","Creran",2018,"November","C",4,1,37.901,"90720202",3.96251857806516,1.71690634280696,"Creran_2018_November_C_4",3,1
"105","high","Creran",2018,"November","C",4,2,39.304,"90720202",1.53162446213498,1.73538900768698,"Creran_2018_November_C_4",3,1
"106","high","Creran",2018,"November","C",4,3,38.466,"90720202",2.70225041142128,1.72394507737659,"Creran_2018_November_C_4",3,1
"107","high","Creran",2018,"November","C",5,1,36.538,"90720202",9.97747665504594,1.70220560396168,"Creran_2018_November_C_5",3,1
"108","high","Creran",2018,"November","C",5,2,36.95,"90720202",7.54733718508369,1.7063066637703,"Creran_2018_November_C_5",3,1
"109","high","Creran",2018,"November","C",5,3,36.99,"90720202",7.34554704419782,1.70672070730461,"Creran_2018_November_C_5",3,1
"110","high","Creran",2018,"November","D",3,2,39.86,"90720202",1.05088389430342,1.74363621887508,"Creran_2018_November_D_3",2,0.666666666666667
"111","high","Creran",2018,"November","D",3,3,39.69,"90720202",1.1791676940049,1.74105960131964,"Creran_2018_November_D_3",2,0.666666666666667
"112","high","Creran",2017,"November","A",1,1,39.02,"2404",0.747153356091652,1.35303483936984,"Creran_2017_November_A_1",3,1
"113","high","Creran",2017,"November","A",1,2,39.51,"2404",0.523941764381607,1.35526534121274,"Creran_2017_November_A_1",3,1
"114","high","Creran",2017,"November","A",1,3,39.32,"2404",0.601238033221295,1.35438828704887,"Creran_2017_November_A_1",3,1
"115","high","Creran",2017,"November","A",2,1,40.23,"2404",0.311036304694277,1.3587274889971,"Creran_2017_November_A_2",2,0.666666666666667
"116","high","Creran",2017,"November","A",2,3,38.33,"2404",1.23153102067832,1.35006896834051,"Creran_2017_November_A_2",2,0.666666666666667
"117","high","Creran",2017,"November","B",1,1,39.44,"2404",0.551189737613817,1.35494042875074,"Creran_2017_November_B_1",3,1
"118","high","Creran",2017,"November","B",1,2,39.63,"2404",0.480327769830427,1.35582717381369,"Creran_2017_November_B_1",3,1
"119","high","Creran",2017,"November","B",1,3,40.29,"2404",0.297809414223764,1.35902582602616,"Creran_2017_November_B_1",3,1
"120","high","Creran",2017,"November","D",1,1,39.11,"2304",1.22964737142016,1.37548495749968,"Creran_2017_November_D_1",2,0.666666666666667
"121","high","Creran",2017,"November","D",1,2,39.82,"2304",0.753730309306237,1.37862685308551,"Creran_2017_November_D_1",2,0.666666666666667
"122","high","Creran",2017,"November","D",3,1,37.41,"2304",3.96952090372215,1.36884404689546,"Creran_2017_November_D_3",2,0.666666666666667
"123","high","Creran",2017,"November","D",3,2,39.34,"2304",1.0493530492354,1.376479277837,"Creran_2017_November_D_3",2,0.666666666666667
"124","high","Creran",2018,"May","B",5,2,39.92,"2304",0.703521384147694,1.37908653262363,"Creran_2018_May_B_5",2,0.666666666666667
"125","high","Creran",2018,"May","B",5,3,38.72,"2304",1.60894584185551,1.37385072233003,"Creran_2018_May_B_5",2,0.666666666666667
"126","high","Creran",2018,"July","B",1,1,38.131,"10720202",3.39444338937494,1.32186151443888,"Creran_2018_July_B_1",3,1
"127","high","Creran",2018,"July","B",1,2,39.5,"10720202",1.35954098840933,1.32906593640695,"Creran_2018_July_B_1",3,1
"128","high","Creran",2018,"July","B",1,3,38.84,"10720202",2.11333761510007,1.3254444740642,"Creran_2018_July_B_1",3,1
"129","high","Creran",2018,"July","B",3,1,39.66,"10720202",1.22165759369969,1.32998478748352,"Creran_2018_July_B_3",2,0.666666666666667
"130","high","Creran",2018,"July","B",3,2,38.29,"10720202",3.05222138614669,1.32263700995842,"Creran_2018_July_B_3",2,0.666666666666667
"131","high","Creran",2018,"July","C",1,1,39.38,"10720202",1.47307347878553,1.3283872202524,"Creran_2018_July_C_1",2,0.666666666666667
"132","high","Creran",2018,"July","C",1,3,40.48,"10720202",0.706203904941827,1.33494031159114,"Creran_2018_July_C_1",2,0.666666666666667
"133","high","Creran",2018,"July","C",2,1,37.69,"10720202",4.55802345893135,1.31979628976013,"Creran_2018_July_C_2",2,0.666666666666667
"134","high","Creran",2018,"July","C",2,2,38.23,"10720202",3.17710877100729,1.3223424561937,"Creran_2018_July_C_2",2,0.666666666666667
"135","high","Creran",2018,"July","C",3,1,38.973,"10720202",1.9335851411356,1.32615224040459,"Creran_2018_July_C_3",3,1
"136","high","Creran",2018,"July","C",3,2,38.57,"10720202",2.53128542991138,1.32404214390919,"Creran_2018_July_C_3",3,1
"137","high","Creran",2018,"July","C",3,3,40.698,"10720202",0.610452378993923,1.33632625893357,"Creran_2018_July_C_3",3,1
"138","high","Creran",2018,"July","C",5,1,35.765,"10720202",16.5021896482337,1.31228820705939,"Creran_2018_July_C_5",3,1
"139","high","Creran",2018,"July","C",5,2,35.323,"10720202",22.1737847476273,1.3109179263333,"Creran_2018_July_C_5",3,1
"140","high","Creran",2018,"July","C",5,3,35.306,"10720202",22.4271648588849,1.31086790417532,"Creran_2018_July_C_5",3,1
"141","high","Creran",2018,"July","D",1,1,35.854,"10720202",15.5491897236165,1.31258030458944,"Creran_2018_July_D_1",3,1
"142","high","Creran",2018,"July","D",1,2,36.599,"10720202",9.45057959218157,1.31523632215258,"Creran_2018_July_D_1",3,1
"143","high","Creran",2018,"July","D",1,3,36.482,"10720202",10.2192670065598,1.31479438448265,"Creran_2018_July_D_1",3,1
"144","high","Creran",2018,"July","D",4,2,39.24,"10720202",1.61756546582565,1.32760672412895,"Creran_2018_July_D_4",2,0.666666666666667
"145","high","Creran",2018,"July","D",4,3,38.91,"10720202",2.01674112833419,1.32581558949186,"Creran_2018_July_D_4",2,0.666666666666667
"146","high","Creran",2018,"July","D",5,1,37.448,"10720202",5.35822937749182,1.31871691488717,"Creran_2018_July_D_5",2,0.666666666666667
"147","high","Creran",2018,"July","D",5,2,38.92,"10720202",2.00330686708992,1.32586885884292,"Creran_2018_July_D_5",2,0.666666666666667
"148","high","Creran",2019,"September","A",2,1,38.7,"10720202",2.3206323330419,1.32471155587648,"Creran_2019_September_A_2",3,1
"149","high","Creran",2019,"September","A",2,2,39.59,"10720202",1.28017171329804,1.32958084021587,"Creran_2019_September_A_2",3,1
"150","high","Creran",2019,"September","A",2,3,37.8,"10720202",4.23493868131527,1.32029958348786,"Creran_2019_September_A_2",3,1
"151","high","Creran",2019,"September","A",3,1,37.97,"10720202",3.78008568551217,1.32109290430363,"Creran_2019_September_A_3",3,1
"152","high","Creran",2019,"September","A",3,2,40.27,"10720202",0.812617738837965,1.33363225445176,"Creran_2019_September_A_3",3,1
"153","high","Creran",2019,"September","A",3,3,38.43,"10720202",2.77957614100011,1.32333329906988,"Creran_2019_September_A_3",3,1
"154","high","Creran",2019,"September","A",4,1,38.94,"10720202",1.9767062202736,1.32597558700483,"Creran_2019_September_A_4",3,1
"155","high","Creran",2019,"September","A",4,2,37.32,"10720202",5.83680986706777,1.31816156557704,"Creran_2019_September_A_4",3,1
"156","high","Creran",2019,"September","A",4,3,35.72,"10720202",17.0060563281494,1.3121425766766,"Creran_2019_September_A_4",3,1
"157","high","Creran",2018,"November","A",1,1,35.825,"90720201",13.2318668398149,1.36018007953145,"Creran_2018_November_A_1",3,1
"158","high","Creran",2018,"November","A",1,2,35.686,"90720201",14.6205237475146,1.3595823171563,"Creran_2018_November_A_1",3,1
"159","high","Creran",2018,"November","A",1,3,36.297,"90720201",9.42857496626745,1.3623417678804,"Creran_2018_November_A_1",3,1
"160","high","Creran",2018,"November","A",2,1,34.922,"90720201",25.303871502023,1.35661526003139,"Creran_2018_November_A_2",3,1
"161","high","Creran",2018,"November","A",2,2,34.711,"90720201",29.4428072423482,1.35589147232454,"Creran_2018_November_A_2",3,1
"162","high","Creran",2018,"November","A",2,3,34.597,"90720201",31.9540371086301,1.35551775855289,"Creran_2018_November_A_2",3,1
"163","high","Creran",2018,"November","A",3,1,35.959,"90720201",12.0181707679827,1.36077310892487,"Creran_2018_November_A_3",3,1
"164","high","Creran",2018,"November","A",3,2,36.304,"90720201",9.38130762917664,1.36237535312935,"Creran_2018_November_A_3",3,1
"165","high","Creran",2018,"November","A",3,3,36.46,"90720201",8.38727285693819,1.36313534365423,"Creran_2018_November_A_3",3,1
"166","high","Creran",2018,"November","A",4,1,34.17,"90720201",43.4179463377021,1.35422650936667,"Creran_2018_November_A_4",3,1
"167","high","Creran",2018,"November","A",4,2,34.46,"90720201",35.2568835264828,1.35508477859556,"Creran_2018_November_A_4",3,1
"168","high","Creran",2018,"November","A",4,3,34.72,"90720201",29.2531684200269,1.35592149464534,"Creran_2018_November_A_4",3,1
"169","high","Creran",2018,"November","A",5,1,35.512,"90720201",16.5660185945926,1.35885908270317,"Creran_2018_November_A_5",3,1
"170","high","Creran",2018,"November","A",5,2,35.347,"90720201",18.6494940565646,1.35819906148308,"Creran_2018_November_A_5",3,1
"171","high","Creran",2018,"November","A",5,3,35.199,"90720201",20.7403063678524,1.35762848169995,"Creran_2018_November_A_5",3,1
"172","high","Creran",2018,"November","B",1,2,39.797,"90720201",0.764021442865646,1.38451522121745,"Creran_2018_November_B_1",2,0.666666666666667
"173","high","Creran",2018,"November","B",1,3,39.392,"90720201",1.02185490812397,1.38141363034036,"Creran_2018_November_B_1",2,0.666666666666667
"174","high","Creran",2019,"September","B",1,1,34.33,"3072020",52.3388701837357,1.43881217473545,"Creran_2019_September_B_1",3,1
"175","high","Creran",2019,"September","B",1,2,34.2,"3072020",57.1630072867673,1.43841707368103,"Creran_2019_September_B_1",3,1
"176","high","Creran",2019,"September","B",1,3,33.69,"3072020",80.7853346215447,1.43704403835551,"Creran_2019_September_B_1",3,1
"177","high","Creran",2019,"September","B",2,1,35.77,"3072020",19.7097414744282,1.44440447589059,"Creran_2019_September_B_2",3,1
"178","high","Creran",2019,"September","B",2,2,35,"3072020",33.2261359397544,1.44113767611862,"Creran_2019_September_B_2",3,1
"179","high","Creran",2019,"September","B",2,3,35.56,"3072020",22.7266370360713,1.44345087621928,"Creran_2019_September_B_2",3,1
"180","high","Creran",2019,"September","B",3,1,34.66,"3072020",41.8431923403228,1.43989714265911,"Creran_2019_September_B_3",3,1
"181","high","Creran",2019,"September","B",3,2,34.84,"3072020",37.0345339498805,1.4405384179766,"Creran_2019_September_B_3",3,1
"182","high","Creran",2019,"September","B",3,3,35.49,"3072020",23.8316031702782,1.44314342599568,"Creran_2019_September_B_3",3,1
"183","high","Creran",2019,"September","B",4,1,33.24,"3072020",109.616857009731,1.43606757963675,"Creran_2019_September_B_4",3,1
"184","high","Creran",2019,"September","B",4,2,33.23,"3072020",110.362819215043,1.43604839015855,"Creran_2019_September_B_4",3,1
"185","high","Creran",2019,"September","B",4,3,33.36,"3072020",101.049009528656,1.43630637133927,"Creran_2019_September_B_4",3,1
"186","high","Creran",2019,"September","B",5,1,34.76,"3072020",39.0994282588934,1.44024910288307,"Creran_2019_September_B_5",3,1
"187","high","Creran",2019,"September","B",5,2,34.31,"3072020",53.0536446583504,1.43875019969122,"Creran_2019_September_B_5",3,1
"188","high","Creran",2019,"September","B",5,3,34.59,"3072020",43.8776029048851,1.43965717922387,"Creran_2019_September_B_5",3,1
"189","high","Creran",2019,"September","C",1,1,39.56,"3072020",1.50785305893034,1.4694695146191,"Creran_2019_September_C_1",2,0.666666666666667
"190","high","Creran",2019,"September","C",1,2,37.89,"3072020",4.68001845769204,1.45661979750333,"Creran_2019_September_C_1",2,0.666666666666667
"191","high","Creran",2019,"September","C",2,1,36.51,"3072020",11.9321399706457,1.4481362930837,"Creran_2019_September_C_2",3,1
"192","high","Creran",2019,"September","C",2,2,36.98,"3072020",8.67526282626965,1.45080453078518,"Creran_2019_September_C_2",3,1
"193","high","Creran",2019,"September","C",2,3,38.73,"3072020",2.64746710974332,1.46273553837441,"Creran_2019_September_C_2",3,1
"194","high","Creran",2019,"September","C",3,1,37.33,"3072020",6.84214427453698,1.45294043304653,"Creran_2019_September_C_3",3,1
"195","high","Creran",2019,"September","C",3,2,37.17,"3072020",7.6263946215346,1.45194831659887,"Creran_2019_September_C_3",3,1
"196","high","Creran",2019,"September","C",3,3,37.19,"3072020",7.52364669075783,1.45207088682202,"Creran_2019_September_C_3",3,1
"197","high","Creran",2019,"September","C",4,1,35.42,"3072020",24.9902926140889,1.44284119344463,"Creran_2019_September_C_4",3,1
"198","high","Creran",2019,"September","C",4,2,35.55,"3072020",22.8812958426201,1.44340663552321,"Creran_2019_September_C_4",3,1
"199","high","Creran",2019,"September","C",4,3,35.42,"3072020",24.9902926140889,1.44284119344463,"Creran_2019_September_C_4",3,1
"200","high","Creran",2019,"September","C",5,1,34.36,"3072020",51.2847239661681,1.4389059483651,"Creran_2019_September_C_5",3,1
"201","high","Creran",2019,"September","C",5,2,34.63,"3072020",42.7032699526269,1.43979365457999,"Creran_2019_September_C_5",3,1
"202","high","Creran",2019,"September","C",5,3,34.39,"3072020",50.2518090866884,1.439000694977,"Creran_2019_September_C_5",3,1
"203","high","Creran",2019,"September","D",1,1,35.17,"3072020",29.6078826665352,1.4418044685568,"Creran_2019_September_D_1",3,1
"204","high","Creran",2019,"September","D",1,2,35.35,"3072020",26.2053173878229,1.44254418414874,"Creran_2019_September_D_1",3,1
"205","high","Creran",2019,"September","D",1,3,35.18,"3072020",29.4077576461197,1.4418446552812,"Creran_2019_September_D_1",3,1
"206","high","Creran",2019,"September","D",2,1,37.57,"3072020",5.81435652408724,1.45447799607131,"Creran_2019_September_D_2",3,1
"207","high","Creran",2019,"September","D",2,2,37.71,"3072020",5.28768399641492,1.45540217211446,"Creran_2019_September_D_2",3,1
"208","high","Creran",2019,"September","D",2,3,36.92,"3072020",9.03556435332774,1.45045110559777,"Creran_2019_September_D_2",3,1
"209","high","Creran",2019,"September","D",3,1,35.33,"3072020",26.5631946576655,1.44246028449516,"Creran_2019_September_D_3",3,1
"210","high","Creran",2019,"September","D",3,2,35.29,"3072020",27.2936781742287,1.44229376620894,"Creran_2019_September_D_3",3,1
"211","high","Creran",2019,"September","D",3,3,35.45,"3072020",24.4869683668789,1.44297008242218,"Creran_2019_September_D_3",3,1
"212","high","Creran",2019,"September","D",4,1,34.91,"3072020",35.317406255266,1.44079721138251,"Creran_2019_September_D_4",3,1
"213","high","Creran",2019,"September","D",4,2,34.91,"3072020",35.317406255266,1.44079721138251,"Creran_2019_September_D_4",3,1
"214","high","Creran",2019,"September","D",4,3,34.77,"3072020",38.8351481694767,1.4402848908607,"Creran_2019_September_D_4",3,1
"215","high","Creran",2019,"September","D",5,1,34.2,"3072020",57.1630072867673,1.43841707368103,"Creran_2019_September_D_5",3,1
"216","high","Creran",2019,"September","D",5,2,34.13,"3072020",59.9422652597373,1.43821190635117,"Creran_2019_September_D_5",3,1
"217","high","Creran",2019,"September","D",5,3,34.33,"3072020",52.3388701837357,1.43881217473545,"Creran_2019_September_D_5",3,1
"218","medium","Largs",2018,"February","N",4,1,37.46,"3072020",6.26471765501881,1.45376593795104,"Largs_2018_February_N_4",3,1
"219","medium","Largs",2018,"February","N",4,2,37.83,"3072020",4.87438926013744,1.45621025455116,"Largs_2018_February_N_4",3,1
"220","medium","Largs",2018,"February","N",4,3,37.95,"3072020",4.49339837165993,1.45703300170553,"Largs_2018_February_N_4",3,1
"221","medium","Largs",2018,"February","N",6,2,37.67,"3072020",5.43309444308579,1.45513607691025,"Largs_2018_February_N_6",2,0.666666666666667
"222","medium","Largs",2018,"February","N",6,3,37.4,"3072020",6.5249042779366,1.45338277676293,"Largs_2018_February_N_6",2,0.666666666666667
"223","low","Portavadie",2017,"July","F",5,2,37.56,"2406",3.13995298357366,1.29470991564896,"Portavadie_2017_July_F_5",2,0.666666666666667
"224","low","Portavadie",2017,"July","F",5,3,39.74,"2406",0.682601531606584,1.30329185548891,"Portavadie_2017_July_F_5",2,0.666666666666667
"225","low","Portavadie",2017,"July","G",1,2,37.24,"2406",3.92833406426157,1.29360388283602,"Portavadie_2017_July_G_1",2,0.666666666666667
"226","low","Portavadie",2017,"July","G",1,3,38.47,"2406",1.66061197320643,1.29807243094857,"Portavadie_2017_July_G_1",2,0.666666666666667
"227","medium","Largs",2019,"May","L",1,1,37.65,"2406",2.9482320536601,1.29502819420312,"Largs_2019_May_L_1",3,1
"228","medium","Largs",2019,"May","L",1,2,38.3,"2406",1.87047093189566,1.29742005473888,"Largs_2019_May_L_1",3,1
"229","medium","Largs",2019,"May","L",1,3,39.87,"2406",0.62322536176859,1.30386008316006,"Largs_2019_May_L_1",3,1
"230","medium","Largs",2019,"May","L",2,1,35.85,"2406",10.3942054049045,1.2892698961853,"Largs_2019_May_L_2",3,1
"231","medium","Largs",2019,"May","L",2,2,34.94,"2406",19.6537883621236,1.28685411461654,"Largs_2019_May_L_2",3,1
"232","medium","Largs",2019,"May","L",2,3,36.62,"2406",6.06315428081633,1.2915756400784,"Largs_2019_May_L_2",3,1
"233","medium","Largs",2019,"May","L",3,1,38.7,"2406",1.41365807636774,1.29897260419448,"Largs_2019_May_L_3",3,1
"234","medium","Largs",2019,"May","L",3,2,39.84,"2406",0.636451936488962,1.30372840064738,"Largs_2019_May_L_3",3,1
"235","medium","Largs",2019,"May","L",3,3,40.53,"2406",0.392639740094581,1.30684045930532,"Largs_2019_May_L_3",3,1
"236","medium","Largs",2019,"May","L",4,1,35.2,"2406",16.3833230575839,1.28750985739837,"Largs_2019_May_L_4",3,1
"237","medium","Largs",2019,"May","L",4,2,36.33,"2406",7.42785458889312,1.2906793413498,"Largs_2019_May_L_4",3,1
"238","medium","Largs",2019,"May","L",4,3,36.69,"2406",5.77321148537475,1.29179701061915,"Largs_2019_May_L_4",3,1
"239","medium","Largs",2019,"May","L",5,1,36,"2406",9.35812464816216,1.28970038506487,"Largs_2019_May_L_5",3,1
"240","medium","Largs",2019,"May","L",5,2,35.84,"2406",10.4672225843878,1.28924151997725,"Largs_2019_May_L_5",3,1
"241","medium","Largs",2019,"May","L",5,3,35.54,"2406",12.9132749469223,1.288409065743,"Largs_2019_May_L_5",3,1
"242","medium","Largs",2019,"May","M",1,1,37.56,"2406",3.13995298357366,1.29470991564896,"Largs_2019_May_M_1",3,1
"243","medium","Largs",2019,"May","M",1,2,38.47,"2406",1.66061197320643,1.29807243094857,"Largs_2019_May_M_1",3,1
"244","medium","Largs",2019,"May","M",1,3,37.95,"2406",2.38977341247132,1.29611185037641,"Largs_2019_May_M_1",3,1
"245","medium","Largs",2019,"May","M",2,1,35.79,"2406",10.840074889835,1.28910024546754,"Largs_2019_May_M_2",3,1
"246","medium","Largs",2019,"May","M",2,2,35.77,"2406",10.9929084672478,1.28904401885452,"Largs_2019_May_M_2",3,1
"247","medium","Largs",2019,"May","M",2,3,36.08,"2406",8.84845626500976,1.28993368849043,"Largs_2019_May_M_2",3,1
"248","medium","Largs",2019,"May","M",3,1,35.62,"2406",12.2099836133651,1.28862748450892,"Largs_2019_May_M_3",3,1
"249","medium","Largs",2019,"May","M",3,2,37.93,"2406",2.42346668706083,1.2960385219193,"Largs_2019_May_M_3",3,1
"250","medium","Largs",2019,"May","M",3,3,36.18,"2406",8.25022632391209,1.29022893872362,"Largs_2019_May_M_3",3,1
"251","medium","Largs",2019,"May","M",4,1,36.87,"2406",5.08972717941992,1.29237518446341,"Largs_2019_May_M_4",3,1
"252","medium","Largs",2019,"May","M",4,2,39.22,"2406",0.982326406087429,1.30108159691889,"Largs_2019_May_M_4",3,1
"253","medium","Largs",2019,"May","M",4,3,36.83,"2406",5.23425844355774,1.29224559107856,"Largs_2019_May_M_4",3,1
"254","medium","Largs",2019,"May","M",5,1,37.03,"2406",4.55042404860983,1.29289988731049,"Largs_2019_May_M_5",3,1
"255","medium","Largs",2019,"May","M",5,2,38.07,"2406",2.19722610224206,1.29655506459376,"Largs_2019_May_M_5",3,1
"256","medium","Largs",2019,"May","M",5,3,37.96,"2406",2.37310284749805,1.29614857257424,"Largs_2019_May_M_5",3,1
"257","low","Portavadie",2017,"November","F",2,1,37.19,"160720201",6.11377782270577,1.46669266962418,"Portavadie_2017_November_F_2",3,1
"258","low","Portavadie",2017,"November","F",2,2,37.95,"160720201",3.60316387557919,1.47220596328041,"Portavadie_2017_November_F_2",3,1
"259","low","Portavadie",2017,"November","F",2,3,37.7,"160720201",4.28764444312631,1.47032197449134,"Portavadie_2017_November_F_2",3,1
"260","low","Portavadie",2017,"November","F",3,1,39.25,"160720201",1.45848954070303,1.48309734813515,"Portavadie_2017_November_F_3",3,1
"261","low","Portavadie",2017,"November","F",3,2,38.78,"160720201",2.0225936874134,1.47894965571982,"Portavadie_2017_November_F_3",3,1
"262","low","Portavadie",2017,"November","F",3,3,37.86,"160720201",3.8359816804116,1.47151981646566,"Portavadie_2017_November_F_3",3,1
"263","low","Portavadie",2017,"November","G",2,2,39.23,"160720201",1.47892482478177,1.48291605745196,"Portavadie_2017_November_G_2",2,0.666666666666667
"264","low","Portavadie",2017,"November","G",2,3,39.81,"160720201",0.987882929285842,1.48834490306932,"Portavadie_2017_November_G_2",2,0.666666666666667
"265","low","Portavadie",2017,"November","G",3,1,37.45,"160720201",5.1021534144674,1.46850687431702,"Portavadie_2017_November_G_3",3,1
"266","low","Portavadie",2017,"November","G",3,2,37.29,"160720201",5.70289995054717,1.46738154486176,"Portavadie_2017_November_G_3",3,1
"267","low","Portavadie",2017,"November","G",3,3,37.3,"160720201",5.66336252338451,1.4674510446462,"Portavadie_2017_November_G_3",3,1
"268","low","Portavadie",2018,"April","E",3,1,37.27,"160720201",5.78280479546356,1.4672428790579,"Portavadie_2018_April_E_3",3,1
"269","low","Portavadie",2018,"April","E",3,2,38.85,"160720201",1.926455216875,1.47955243596832,"Portavadie_2018_April_E_3",3,1
"270","low","Portavadie",2018,"April","E",3,3,38.23,"160720201",2.96541237542896,1.47439731910025,"Portavadie_2018_April_E_3",3,1
"271","low","Portavadie",2018,"April","E",4,2,38.42,"160720201",2.59823654087036,1.47593294513698,"Portavadie_2018_April_E_4",2,0.666666666666667
"272","low","Portavadie",2018,"April","E",4,3,38.55,"160720201",2.37356219816769,1.47700618215653,"Portavadie_2018_April_E_4",2,0.666666666666667
"273","low","Portavadie",2018,"April","E",5,2,39.73,"160720201",1.04442341703032,1.48757507698539,"Portavadie_2018_April_E_5",2,0.666666666666667
"274","low","Portavadie",2018,"April","E",5,3,37.74,"160720201",4.16997262603789,1.47061879371997,"Portavadie_2018_April_E_5",2,0.666666666666667
"275","low","Portavadie",2018,"April","F",1,1,38.71,"160720201",2.12352988459321,1.47835213620167,"Portavadie_2018_April_F_1",2,0.666666666666667
"276","low","Portavadie",2018,"April","F",1,2,39.06,"160720201",1.66459937938739,1.48139224674327,"Portavadie_2018_April_F_1",2,0.666666666666667
"277","low","Portavadie",2018,"April","G",1,2,37.35,"160720202",8.16300013445899,1.52918481151642,"Portavadie_2018_April_G_1",2,0.666666666666667
"278","low","Portavadie",2018,"April","G",1,3,37.25,"160720202",8.73826710362152,1.52846553500988,"Portavadie_2018_April_G_1",2,0.666666666666667
"279","low","Portavadie",2018,"April","G",4,1,40.16,"160720202",1.20441987903473,1.55444736656324,"Portavadie_2018_April_G_4",2,0.666666666666667
"280","low","Portavadie",2018,"April","G",4,2,40.65,"160720202",0.862696241390727,1.55982696708632,"Portavadie_2018_April_G_4",2,0.666666666666667
"281","low","Portavadie",2019,"February","E",2,1,38.65,"160720202",3.36796947708618,1.53967139372952,"Portavadie_2019_February_E_2",3,1
"282","low","Portavadie",2019,"February","E",2,2,38.14,"160720202",4.76654018146631,1.5353074249226,"Portavadie_2019_February_E_2",3,1
"283","low","Portavadie",2019,"February","E",2,3,38.39,"160720202",4.02035569460256,1.53740657816896,"Portavadie_2019_February_E_2",3,1
"284","low","Portavadie",2019,"February","G",2,2,38.02,"160720202",5.17242107889074,1.53432730664038,"Portavadie_2019_February_G_2",2,0.666666666666667
"285","low","Portavadie",2019,"February","G",2,3,38.03,"160720202",5.13731648949069,1.5344083007934,"Portavadie_2019_February_G_2",2,0.666666666666667
"286","medium","Fairlie",2019,"May","H",1,1,36.37,"160720202",15.9107195884779,1.52268189731633,"Fairlie_2019_May_H_1",3,1
"287","medium","Fairlie",2019,"May","H",1,2,36.42,"160720202",15.378078225357,1.52298409780265,"Fairlie_2019_May_H_1",3,1
"288","medium","Fairlie",2019,"May","H",1,3,36.137,"160720202",18.6466476694751,1.5213158706965,"Fairlie_2019_May_H_1",3,1
"289","low","Portavadie",2018,"July","E",3,1,39.4,"411",0.930593228335334,1.34067364885752,"Portavadie_2018_July_E_3",2,0.666666666666667
"290","low","Portavadie",2018,"July","E",3,2,39.53,"411",0.851743748956984,1.34118590009293,"Portavadie_2018_July_E_3",2,0.666666666666667
"291","low","Portavadie",2018,"July","F",2,2,39.81,"411",0.703868549994363,1.34231027855357,"Portavadie_2018_July_F_2",2,0.666666666666667
"292","low","Portavadie",2018,"July","F",2,3,39.77,"411",0.72330691480839,1.34214789575954,"Portavadie_2018_July_F_2",2,0.666666666666667
"293","low","Portavadie",2018,"July","G",2,1,39.25,"411",1.03068593403287,1.34009032715611,"Portavadie_2018_July_G_2",2,0.666666666666667
"294","low","Portavadie",2018,"July","G",2,3,39.45,"411",0.899437659541835,1.34086993266818,"Portavadie_2018_July_G_2",2,0.666666666666667
"295","low","Portavadie",2018,"July","G",4,1,37.09,"411",4.48748893479514,1.33262445018462,"Portavadie_2018_July_G_4",3,1
"296","low","Portavadie",2018,"July","G",4,2,38.02,"411",2.38194281670087,1.33562294007201,"Portavadie_2018_July_G_4",3,1
"297","low","Portavadie",2018,"July","G",4,3,36.32,"411",7.58143166722979,1.33039328528568,"Portavadie_2018_July_G_4",3,1
"298","low","Portavadie",2018,"November","E",1,1,36.97,"411",4.86963667607257,1.3322616649944,"Portavadie_2018_November_E_1",3,1
"299","low","Portavadie",2018,"November","E",1,2,39.2,"411",1.06638780417538,1.33989773294952,"Portavadie_2018_November_E_1",3,1
"300","low","Portavadie",2018,"November","E",1,3,39.7,"411",0.758624676908859,1.34186513370918,"Portavadie_2018_November_E_1",3,1
"301","low","Portavadie",2018,"November","E",2,1,38.75,"411",1.4488204028193,1.33820610890222,"Portavadie_2018_November_E_2",3,1
"302","low","Portavadie",2018,"November","E",2,2,37.46,"411",3.48791682319642,1.33377785046594,"Portavadie_2018_November_E_2",3,1
"303","low","Portavadie",2018,"November","E",2,3,39.23,"411",1.04482096243693,1.34001317856502,"Portavadie_2018_November_E_2",3,1
"304","low","Portavadie",2018,"November","E",3,1,38.84,"411",1.36268249342742,1.33853840919269,"Portavadie_2018_November_E_3",3,1
"305","low","Portavadie",2018,"November","E",3,2,38.14,"411",2.19501838520749,1.33603379483763,"Portavadie_2018_November_E_3",3,1
"306","low","Portavadie",2018,"November","E",3,3,37.16,"411",4.27857394500948,1.33283863299476,"Portavadie_2018_November_E_3",3,1
"307","low","Portavadie",2018,"November","E",5,1,38.96,"411",1.25574514438446,1.33898616937065,"Portavadie_2018_November_E_5",2,0.666666666666667
"308","low","Portavadie",2018,"November","E",5,3,38.41,"411",1.82632696774107,1.33697807691762,"Portavadie_2018_November_E_5",2,0.666666666666667
"309","low","Portavadie",2018,"November","F",1,1,37.48,"411",3.44072997957501,1.33384168984456,"Portavadie_2018_November_F_1",2,0.666666666666667
"310","low","Portavadie",2018,"November","F",1,3,39.42,"411",0.918003548200595,1.34075205191469,"Portavadie_2018_November_F_1",2,0.666666666666667
"311","low","Portavadie",2018,"November","F",2,1,35.92,"411",9.95547046330666,1.32932516524995,"Portavadie_2018_November_F_2",3,1
"312","low","Portavadie",2018,"November","F",2,2,35.92,"411",9.95547046330666,1.32932516524995,"Portavadie_2018_November_F_2",3,1
"313","low","Portavadie",2018,"November","F",2,3,36.75,"411",5.65675500090137,1.33161097829464,"Portavadie_2018_November_F_2",3,1
"314","low","Portavadie",2018,"November","F",5,1,38.93,"411",1.28166581191166,1.3388737270828,"Portavadie_2018_November_F_5",2,0.666666666666667
"315","low","Portavadie",2018,"November","F",5,3,39.61,"411",0.806578873133736,1.34150421900271,"Portavadie_2018_November_F_5",2,0.666666666666667
"316","low","Portavadie",2018,"November","G",4,1,39.11,"411",1.13379632853503,1.33955339432814,"Portavadie_2018_November_G_4",3,1
"317","low","Portavadie",2018,"November","G",4,2,39.11,"411",1.13379632853503,1.33955339432814,"Portavadie_2018_November_G_4",3,1
"318","low","Portavadie",2018,"November","G",4,3,37.43,"411",3.55991322528555,1.33368237803536,"Portavadie_2018_November_G_4",3,1
"319","low","Portavadie",2018,"November","G",5,1,38.94,"411",1.2729666787996,1.33891117066661,"Portavadie_2018_November_G_5",3,1
"320","low","Portavadie",2018,"November","G",5,2,36.6,"411",6.26518400754811,1.33117805564742,"Portavadie_2018_November_G_5",3,1
"321","low","Portavadie",2018,"November","G",5,3,37.02,"411",4.7066048638466,1.33241215177967,"Portavadie_2018_November_G_5",3,1
"322","medium","Fairlie",2018,"February","H",1,1,35.44,"406",23.0752040901595,1.25142263493884,"Fairlie_2018_February_H_1",3,1
"323","medium","Fairlie",2018,"February","H",1,2,35.87,"406",17.4178305573888,1.25255026003675,"Fairlie_2018_February_H_1",3,1
"324","medium","Fairlie",2018,"February","H",1,3,35.14,"406",28.0780873173205,1.25067599219404,"Fairlie_2018_February_H_1",3,1
"325","medium","Fairlie",2018,"February","H",2,1,35.99,"406",16.1029436657529,1.25287695038376,"Fairlie_2018_February_H_2",3,1
"326","medium","Fairlie",2018,"February","H",2,2,36.275,"406",13.3642441975233,1.25367370605498,"Fairlie_2018_February_H_2",3,1
"327","medium","Fairlie",2018,"February","H",2,3,36.251,"406",13.575697748544,1.25360548167968,"Fairlie_2018_February_H_2",3,1
"328","medium","Fairlie",2018,"February","H",3,1,35.52,"406",21.898768491214,1.25162731579872,"Fairlie_2018_February_H_3",3,1
"329","medium","Fairlie",2018,"February","H",3,2,35.11,"406",28.6345074578439,1.25060314890018,"Fairlie_2018_February_H_3",3,1
"330","medium","Fairlie",2018,"February","H",3,3,35.74,"406",18.9637220578785,1.25220224392717,"Fairlie_2018_February_H_3",3,1
"331","medium","Fairlie",2018,"February","H",4,1,37.46,"406",6.15626950019263,1.2572976037888,"Fairlie_2018_February_H_4",3,1
"332","medium","Fairlie",2018,"February","H",4,2,36.34,"406",12.8079505638772,1.25385952045941,"Fairlie_2018_February_H_4",3,1
"333","medium","Fairlie",2018,"February","H",4,3,35.91,"406",16.9680186211691,1.25265857677032,"Fairlie_2018_February_H_4",3,1
"334","medium","Fairlie",2018,"February","H",5,1,35.78,"406",18.4739877876615,1.25230867144455,"Fairlie_2018_February_H_5",3,1
"335","medium","Fairlie",2018,"February","H",5,2,36.23,"406",13.7634623148014,1.25354595539032,"Fairlie_2018_February_H_5",3,1
"336","medium","Fairlie",2018,"February","H",5,3,35.21,"406",26.8214587352831,1.25084724943599,"Fairlie_2018_February_H_5",3,1
"337","medium","Fairlie",2018,"February","H",6,1,37.2,"406",7.29754301582255,1.25645995221679,"Fairlie_2018_February_H_6",3,1
"338","medium","Fairlie",2018,"February","H",6,2,36.14,"406",14.5980312463034,1.25329264211745,"Fairlie_2018_February_H_6",3,1
"339","medium","Fairlie",2018,"February","H",6,3,35.99,"406",16.1029436657529,1.25287695038376,"Fairlie_2018_February_H_6",3,1
"340","medium","Fairlie",2018,"February","H",7,1,36.34,"406",12.8079505638772,1.25385952045941,"Fairlie_2018_February_H_7",3,1
"341","medium","Fairlie",2018,"February","H",7,2,36.34,"406",12.8079505638772,1.25385952045941,"Fairlie_2018_February_H_7",3,1
"342","medium","Fairlie",2018,"February","H",7,3,36.62,"406",10.6644665860094,1.25467726970889,"Fairlie_2018_February_H_7",3,1
"343","medium","Fairlie",2018,"February","H",8,1,35.97,"406",16.314987231435,1.25282213962179,"Fairlie_2018_February_H_8",3,1
"344","medium","Fairlie",2018,"February","H",8,2,35.971,"406",16.3043190422293,1.25282487671992,"Fairlie_2018_February_H_8",3,1
"345","medium","Fairlie",2018,"February","H",8,3,35.65,"406",20.1136168222305,1.25196491206057,"Fairlie_2018_February_H_8",3,1
"346","medium","Fairlie",2018,"February","H",9,1,34.99,"406",30.972659989846,1.2503150965699,"Fairlie_2018_February_H_9",3,1
"347","medium","Fairlie",2018,"February","H",9,2,35.69,"406",19.5941867532917,1.25207002854488,"Fairlie_2018_February_H_9",3,1
"348","medium","Fairlie",2018,"February","H",9,3,35.2,"406",26.997473676372,1.25082267364876,"Fairlie_2018_February_H_9",3,1
"349","medium","Fairlie",2018,"February","H",10,1,35.71,"406",19.3395238984043,1.25212280544105,"Fairlie_2018_February_H_10",3,1
"350","medium","Fairlie",2018,"February","H",10,2,35.54,"406",21.6141533156669,1.25167885185326,"Fairlie_2018_February_H_10",3,1
"351","medium","Fairlie",2018,"February","H",10,3,35.92,"406",16.8573925368989,1.25268574663286,"Fairlie_2018_February_H_10",3,1
"352","medium","Fairlie",2018,"February","J",1,1,38.422,"406",3.28124889808877,1.26060109791887,"Fairlie_2018_February_J_1",3,1
"353","medium","Fairlie",2018,"February","J",1,2,39.2,"406",1.97255990342489,1.26350371000391,"Fairlie_2018_February_J_1",3,1
"354","medium","Fairlie",2018,"February","J",1,3,39,"406",2.24825126875607,1.2627380922686,"Fairlie_2018_February_J_1",3,1
"355","medium","Fairlie",2018,"October","H",1,1,37.13,"406",7.63944467086813,1.25623848750869,"Fairlie_2018_October_H_1",3,1
"356","medium","Fairlie",2018,"October","H",1,2,36.51,"406",11.4600679657501,1.25435266473335,"Fairlie_2018_October_H_1",3,1
"357","medium","Fairlie",2018,"October","H",1,3,36.25,"406",13.5845805551063,1.25360264349508,"Fairlie_2018_October_H_1",3,1
"358","medium","Fairlie",2018,"October","H",2,1,37.44,"406",6.23733525830599,1.25723232826154,"Fairlie_2018_October_H_2",3,1
"359","medium","Fairlie",2018,"October","H",2,2,37.62,"406",5.5445449217508,1.25782483478088,"Fairlie_2018_October_H_2",3,1
"360","medium","Fairlie",2018,"October","H",2,3,37.46,"406",6.15626950019263,1.2572976037888,"Fairlie_2018_October_H_2",3,1
"361","medium","Fairlie",2018,"October","H",3,1,38.94,"406",2.33824083661047,1.26251101818049,"Fairlie_2018_October_H_3",3,1
"362","medium","Fairlie",2018,"October","H",3,2,36.64,"406",10.5258620324835,1.25473675297143,"Fairlie_2018_October_H_3",3,1
"363","medium","Fairlie",2018,"October","H",3,3,38.14,"406",3.94591591210458,1.2595996805309,"Fairlie_2018_October_H_3",3,1
"364","medium","Fairlie",2018,"October","H",4,1,35.91,"406",16.9680186211691,1.25265857677032,"Fairlie_2018_October_H_4",3,1
"365","medium","Fairlie",2018,"October","H",4,2,36.26,"406",13.4960134108325,1.25363104153467,"Fairlie_2018_October_H_4",3,1
"366","medium","Fairlie",2018,"October","H",4,3,36.25,"406",13.5845805551063,1.25360264349508,"Fairlie_2018_October_H_4",3,1
"367","medium","Fairlie",2018,"October","H",5,1,37.28,"406",6.92549476198673,1.25671516538304,"Fairlie_2018_October_H_5",3,1
"368","medium","Fairlie",2018,"October","H",5,2,38.17,"406",3.86923964695355,1.25970492021203,"Fairlie_2018_October_H_5",3,1
"369","medium","Fairlie",2018,"October","H",5,3,37.94,"406",4.49740990901759,1.2589059909264,"Fairlie_2018_October_H_5",3,1
"370","medium","Fairlie",2018,"October","J",1,1,38.51,"406",3.09770980599209,1.26091915323095,"Fairlie_2018_October_J_1",3,1
"371","medium","Fairlie",2018,"October","J",1,2,39.05,"406",2.17591129010753,1.26292824261872,"Fairlie_2018_October_J_1",3,1
"372","medium","Fairlie",2018,"October","J",1,3,37.82,"406",4.86464620186116,1.25849639944697,"Fairlie_2018_October_J_1",3,1
"373","medium","Fairlie",2018,"October","J",2,1,37.26,"406",7.01668967851418,1.25665115125604,"Fairlie_2018_October_J_2",3,1
"374","medium","Fairlie",2018,"October","J",2,2,39.28,"406",1.87199352566397,1.26381369438504,"Fairlie_2018_October_J_2",3,1
"375","medium","Fairlie",2018,"October","J",2,3,37.79,"406",4.96104832115961,1.25839478002861,"Fairlie_2018_October_J_2",3,1
"376","medium","Fairlie",2018,"October","J",3,1,37.03,"406",8.15584780681583,1.2559251056433,"Fairlie_2018_October_J_3",3,1
"377","medium","Fairlie",2018,"October","J",3,2,37.27,"406",6.97094309365928,1.25668314076021,"Fairlie_2018_October_J_3",3,1
"378","medium","Fairlie",2018,"October","J",3,3,37.03,"406",8.15584780681583,1.2559251056433,"Fairlie_2018_October_J_3",3,1
"379","medium","Fairlie",2018,"October","J",4,1,38.08,"406",4.10385700732594,1.25939012836857,"Fairlie_2018_October_J_4",3,1
"380","medium","Fairlie",2018,"October","J",4,2,37.59,"406",5.65442051368955,1.25772529913494,"Fairlie_2018_October_J_4",3,1
"381","medium","Fairlie",2018,"October","J",4,3,40.11,"406",1.08773614539252,1.26715444779178,"Fairlie_2018_October_J_4",3,1
"382","medium","Fairlie",2018,"October","J",5,1,37.59,"406",5.65442051368955,1.25772529913494,"Fairlie_2018_October_J_5",3,1
"383","medium","Fairlie",2018,"October","J",5,2,37.54,"406",5.84240642152037,1.25756010317951,"Fairlie_2018_October_J_5",3,1
"384","medium","Fairlie",2018,"October","J",5,3,37.69,"406",5.29640004121386,1.25805830242404,"Fairlie_2018_October_J_5",3,1
"385","medium","Fairlie",2018,"October","K",1,1,37.14,"406",7.58963792154729,1.256270019669,"Fairlie_2018_October_K_1",3,1
"386","medium","Fairlie",2018,"October","K",1,2,36.74,"406",9.85939690330526,1.25503630774643,"Fairlie_2018_October_K_1",3,1
"387","medium","Fairlie",2018,"October","K",1,3,36.12,"406",14.79025812492,1.25323674693439,"Fairlie_2018_October_K_1",3,1
"388","medium","Fairlie",2018,"October","K",2,1,35.84,"406",17.7629976486092,1.25246940356146,"Fairlie_2018_October_K_2",3,1
"389","medium","Fairlie",2018,"October","K",2,2,37.6,"406",5.61755549048258,1.25775844286219,"Fairlie_2018_October_K_2",3,1
"390","medium","Fairlie",2018,"October","K",2,3,36.81,"406",9.41814177754383,1.25524811352735,"Fairlie_2018_October_K_2",3,1
"391","medium","Fairlie",2018,"October","K",3,1,37.2,"406",7.29754301582255,1.25645995221679,"Fairlie_2018_October_K_3",3,1
"392","medium","Fairlie",2018,"October","K",3,2,37.81,"406",4.89657028261643,1.25846249167017,"Fairlie_2018_October_K_3",3,1
"393","medium","Fairlie",2018,"October","K",3,3,38.22,"406",3.74474256900837,1.25988100563172,"Fairlie_2018_October_K_3",3,1
"394","medium","Fairlie",2018,"October","K",4,1,37.89,"406",4.64693003801878,1.25873472287998,"Fairlie_2018_October_K_4",3,1
"395","medium","Fairlie",2018,"October","K",4,2,38.66,"406",2.80821106242992,1.26146735609296,"Fairlie_2018_October_K_4",3,1
"396","medium","Fairlie",2018,"October","K",4,3,37,"406",8.31747127964964,1.25583177960261,"Fairlie_2018_October_K_4",3,1
"397","medium","Fairlie",2018,"October","K",5,1,37.04,"406",8.10267427330468,1.25595628499311,"Fairlie_2018_October_K_5",3,1
"398","medium","Fairlie",2018,"October","K",5,2,37.23,"406",7.15573858924678,1.25655539354373,"Fairlie_2018_October_K_5",3,1
"399","medium","Fairlie",2018,"October","K",5,3,36.72,"406",9.98922544386573,1.25497611188943,"Fairlie_2018_October_K_5",3,1
"400","medium","Fairlie",2018,"February","J",3,1,38.94,"1606",2.29845815930884,1.34012499567215,"Fairlie_2018_February_J_3",3,1
"401","medium","Fairlie",2018,"February","J",3,2,37.83,"1606",4.80034059027019,1.33385470777406,"Fairlie_2018_February_J_3",3,1
"402","medium","Fairlie",2018,"February","J",3,3,37.32,"1606",6.73323039328949,1.33118615700108,"Fairlie_2018_February_J_3",3,1
"403","medium","Fairlie",2018,"February","J",4,1,38.89,"1606",2.37598450788574,1.33982913161577,"Fairlie_2018_February_J_4",3,1
"404","medium","Fairlie",2018,"February","J",4,2,40.98,"1606",0.593787308312758,1.35324188305216,"Fairlie_2018_February_J_4",3,1
"405","medium","Fairlie",2018,"February","J",4,3,38.98,"1606",2.23826240711039,1.34036258801402,"Fairlie_2018_February_J_4",3,1
"406","medium","Fairlie",2018,"February","J",5,1,35.88,"1606",17.5043157950727,1.32439402049388,"Fairlie_2018_February_J_5",3,1
"407","medium","Fairlie",2018,"February","J",5,2,37.12,"1606",7.68867465358278,1.33017680229354,"Fairlie_2018_February_J_5",3,1
"408","medium","Fairlie",2018,"February","J",5,3,37.35,"1606",6.60053705923061,1.33133937267383,"Fairlie_2018_February_J_5",3,1
"409","medium","Fairlie",2018,"February","J",6,1,40.35,"1606",0.901901561828469,1.3489765142897,"Fairlie_2018_February_J_6",3,1
"410","medium","Fairlie",2018,"February","J",6,2,38.89,"1606",2.37598450788574,1.33982913161577,"Fairlie_2018_February_J_6",3,1
"411","medium","Fairlie",2018,"February","J",6,3,40.55,"1606",0.789825461665095,1.35031017800158,"Fairlie_2018_February_J_6",3,1
"412","medium","Fairlie",2018,"February","J",8,1,40.31,"1606",0.926157271414063,1.34871207748547,"Fairlie_2018_February_J_8",3,1
"413","medium","Fairlie",2018,"February","J",8,2,37.7,"1606",5.23275327348592,1.33316163916336,"Fairlie_2018_February_J_8",3,1
"414","medium","Fairlie",2018,"February","J",8,3,39.41,"1606",1.68271583346254,1.34296702743551,"Fairlie_2018_February_J_8",3,1
"415","medium","Fairlie",2018,"February","J",10,2,37.79,"1606",4.92944078501148,1.33364052359004,"Fairlie_2018_February_J_10",2,0.666666666666667
"416","medium","Fairlie",2018,"February","J",10,3,37.99,"1606",4.31687670645469,1.33471970893656,"Fairlie_2018_February_J_10",2,0.666666666666667
"417","medium","Fairlie",2018,"February","K",1,1,36.72,"1606",10.0255337210597,1.32822149516177,"Fairlie_2018_February_K_1",3,1
"418","medium","Fairlie",2018,"February","K",1,2,36.35,"1606",12.8150208969453,1.32648874972109,"Fairlie_2018_February_K_1",3,1
"419","medium","Fairlie",2018,"February","K",1,3,37.64,"1606",5.44526049516985,1.33284471781224,"Fairlie_2018_February_K_1",3,1
"420","medium","Fairlie",2018,"February","K",2,1,35.94,"1606",16.821190805848,1.32465476413693,"Fairlie_2018_February_K_2",3,1
"421","medium","Fairlie",2018,"February","K",2,2,37.6,"1606",5.59170514365341,1.33263447651089,"Fairlie_2018_February_K_2",3,1
"422","medium","Fairlie",2018,"February","K",2,3,36.13,"1606",14.8289407042358,1.32549335212499,"Fairlie_2018_February_K_2",3,1
"423","medium","Fairlie",2018,"February","K",3,1,36.3,"1606",13.2472679548494,1.32626023047632,"Fairlie_2018_February_K_3",3,1
"424","medium","Fairlie",2018,"February","K",3,2,37.14,"1606",7.58732492878356,1.33027679032097,"Fairlie_2018_February_K_3",3,1
"425","medium","Fairlie",2018,"February","K",3,3,36.79,"1606",9.57056768310002,1.32855754248648,"Fairlie_2018_February_K_3",3,1
"426","medium","Fairlie",2018,"February","K",4,1,36.05,"1606",15.6372843029438,1.32513787592711,"Fairlie_2018_February_K_4",3,1
"427","medium","Fairlie",2018,"February","K",4,2,35.95,"1606",16.7099571677859,1.32469841179336,"Fairlie_2018_February_K_4",3,1
"428","medium","Fairlie",2018,"February","K",4,3,37.65,"1606",5.40925257265924,1.33289740814833,"Fairlie_2018_February_K_4",3,1
"429","medium","Fairlie",2018,"February","K",5,1,35.67,"1606",20.1212311061149,1.32349687378051,"Fairlie_2018_February_K_5",3,1
"430","medium","Fairlie",2018,"February","K",5,2,36.32,"1606",13.0726465770363,1.32635147660839,"Fairlie_2018_February_K_5",3,1
"431","medium","Fairlie",2018,"February","K",5,3,36.63,"1606",10.6424129399895,1.32779327304371,"Fairlie_2018_February_K_5",3,1
"432","medium","Fairlie",2018,"February","K",6,1,36.41,"1606",12.3149007485985,1.32676474868351,"Fairlie_2018_February_K_6",3,1
"433","medium","Fairlie",2018,"February","K",6,2,36.38,"1606",12.5624723059236,1.32662650720285,"Fairlie_2018_February_K_6",3,1
"434","medium","Fairlie",2018,"February","K",6,3,36.57,"1606",11.0746117247765,1.32751019544447,"Fairlie_2018_February_K_6",3,1
"435","medium","Fairlie",2018,"February","K",7,1,35.72,"1606",19.464692491763,1.32370829552617,"Fairlie_2018_February_K_7",3,1
"436","medium","Fairlie",2018,"February","K",7,2,35.97,"1606",16.4896916946498,1.32478587017143,"Fairlie_2018_February_K_7",3,1
"437","medium","Fairlie",2018,"February","K",7,3,36.48,"1606",11.7560415639063,1.32708919227203,"Fairlie_2018_February_K_7",3,1
"438","medium","Fairlie",2018,"February","K",8,1,36.64,"1606",10.5720377612797,1.32784063973686,"Fairlie_2018_February_K_8",3,1
"439","medium","Fairlie",2018,"February","K",8,2,36.97,"1606",8.49322228977147,1.32943362440434,"Fairlie_2018_February_K_8",3,1
"440","medium","Fairlie",2018,"February","K",8,3,38.11,"1606",3.98650983288104,1.33537711104603,"Fairlie_2018_February_K_8",3,1
"441","medium","Fairlie",2018,"February","K",9,1,36.43,"1606",12.1525695461437,1.32685717837581,"Fairlie_2018_February_K_9",3,1
"442","medium","Fairlie",2018,"February","K",9,2,36.24,"1606",13.7852524461594,1.32598778580844,"Fairlie_2018_February_K_9",3,1
"443","medium","Fairlie",2018,"February","K",9,3,35.8,"1606",18.4584973448491,1.32404941214228,"Fairlie_2018_February_K_9",3,1
"444","medium","Fairlie",2018,"February","K",10,1,36.26,"1606",13.6035395236267,1.32607838496726,"Fairlie_2018_February_K_10",3,1
"445","medium","Fairlie",2018,"February","K",10,2,36.44,"1606",12.0722081414119,1.32690347379226,"Fairlie_2018_February_K_10",3,1
"446","medium","Fairlie",2018,"February","K",10,3,35.92,"1606",17.0458843671452,1.32456763195592,"Fairlie_2018_February_K_10",3,1
"447","medium","Fairlie",2018,"April","H",1,1,37.53,"223",3.67552867515234,1.31216228213455,"Fairlie_2018_April_H_1",3,1
"448","medium","Fairlie",2018,"April","H",1,2,36.67,"223",6.49896895669598,1.30931554246788,"Fairlie_2018_April_H_1",3,1
"449","medium","Fairlie",2018,"April","H",1,3,37.55,"223",3.62713256192658,1.3122318134414,"Fairlie_2018_April_H_1",3,1
"450","medium","Fairlie",2018,"April","H",2,1,36.1,"223",9.48203373482363,1.30758435326249,"Fairlie_2018_April_H_2",3,1
"451","medium","Fairlie",2018,"April","H",2,2,36.02,"223",9.99832028272365,1.30735140108362,"Fairlie_2018_April_H_2",3,1
"452","medium","Fairlie",2018,"April","H",2,3,37.14,"223",4.7595880407325,1.31083656234688,"Fairlie_2018_April_H_2",3,1
"453","medium","Fairlie",2018,"April","H",3,1,37.91,"223",2.85725143545407,1.3135090267072,"Fairlie_2018_April_H_3",3,1
"454","medium","Fairlie",2018,"April","H",3,2,37.57,"223",3.57937368594811,1.31230149510211,"Fairlie_2018_April_H_3",3,1
"455","medium","Fairlie",2018,"April","H",3,3,38.91,"223",1.47275024065472,1.31730933798002,"Fairlie_2018_April_H_3",3,1
"456","medium","Fairlie",2018,"April","H",4,1,37.25,"223",4.4249588398318,1.31120466574144,"Fairlie_2018_April_H_4",3,1
"457","medium","Fairlie",2018,"April","H",4,2,38.03,"223",2.63882224638012,1.31394552645968,"Fairlie_2018_April_H_4",3,1
"458","medium","Fairlie",2018,"April","H",4,3,38.15,"223",2.43709138145347,1.31438738426346,"Fairlie_2018_April_H_4",3,1
"459","medium","Fairlie",2018,"April","H",5,1,38.69,"223",1.70392062938699,1.31644167520073,"Fairlie_2018_April_H_5",3,1
"460","medium","Fairlie",2018,"April","H",5,2,38.46,"223",1.98448496587403,1.31555355123225,"Fairlie_2018_April_H_5",3,1
"461","medium","Fairlie",2018,"April","H",5,3,37.27,"223",4.36669489253092,1.31127208558847,"Fairlie_2018_April_H_5",3,1
"462","medium","Fairlie",2018,"April","J",2,2,40.12,"223",0.660492180121104,1.32239472430537,"Fairlie_2018_April_J_2",2,0.666666666666667
"463","medium","Fairlie",2018,"April","J",2,3,38.5,"223",1.93256913353144,1.31570660972002,"Fairlie_2018_April_J_2",2,0.666666666666667
"464","medium","Fairlie",2018,"April","J",3,1,39.45,"223",1.02969036618135,1.31951374126935,"Fairlie_2018_April_J_3",2,0.666666666666667
"465","medium","Fairlie",2018,"April","J",3,2,39.52,"223",0.98301307519554,1.31980721794486,"Fairlie_2018_April_J_3",2,0.666666666666667
"466","medium","Fairlie",2018,"April","J",5,1,38.99,"223",1.39670135282499,1.3176292347733,"Fairlie_2018_April_J_5",3,1
"467","medium","Fairlie",2018,"April","J",5,2,37.8,"223",3.07332570850984,1.31311362063548,"Fairlie_2018_April_J_5",3,1
"468","medium","Fairlie",2018,"April","J",5,3,38.93,"223",1.45335836707695,1.3173890934272,"Fairlie_2018_April_J_5",3,1
"469","medium","Fairlie",2018,"April","K",2,1,38.51,"223",1.91980379241833,1.31574496642966,"Fairlie_2018_April_K_2",3,1
"470","medium","Fairlie",2018,"April","K",2,2,37.72,"223",3.24066499088252,1.31282889377559,"Fairlie_2018_April_K_2",3,1
"471","medium","Fairlie",2018,"April","K",2,3,37.84,"223",2.99292486649745,1.31325688172783,"Fairlie_2018_April_K_2",3,1
"472","medium","Fairlie",2018,"April","K",3,1,38.77,"223",1.61593472027764,1.31675514008261,"Fairlie_2018_April_K_3",3,1
"473","medium","Fairlie",2018,"April","K",3,2,38.1,"223",2.51920077773329,1.31420262658325,"Fairlie_2018_April_K_3",3,1
"474","medium","Fairlie",2018,"April","K",3,3,38.58,"223",1.83277642652513,1.31601449385787,"Fairlie_2018_April_K_3",3,1
"475","medium","Fairlie",2018,"April","K",5,1,38.66,"223",1.73813674830256,1.31632473069516,"Fairlie_2018_April_K_5",3,1
"476","medium","Fairlie",2018,"April","K",5,2,39.7,"223",0.872472626836985,1.32056995822984,"Fairlie_2018_April_K_5",3,1
"477","medium","Fairlie",2018,"April","K",5,3,40.28,"223",0.594041222285867,1.32310635695057,"Fairlie_2018_April_K_5",3,1
"478","medium","Fairlie",2019,"May","H",4,1,38.523,"17072020",1.0875741135588,1.52076248570123,"Fairlie_2019_May_H_4",3,1
"479","medium","Fairlie",2019,"May","H",4,2,39.549,"17072020",0.509720486904795,1.5326360198741,"Fairlie_2019_May_H_4",3,1
"480","medium","Fairlie",2019,"May","H",4,3,38.544,"17072020",1.07083448591776,1.52099211928618,"Fairlie_2019_May_H_4",3,1
"481","medium","Fairlie",2019,"May","H",7,1,38.65,"17072020",0.990191053906974,1.52215983617378,"Fairlie_2019_May_H_7",2,0.666666666666667
"482","medium","Fairlie",2019,"May","H",7,2,38.45,"17072020",1.14782654435451,1.51996863454893,"Fairlie_2019_May_H_7",2,0.666666666666667
"483","medium","Fairlie",2019,"May","H",8,2,35.977,"17072020",7.13149945579381,1.49720426895775,"Fairlie_2019_May_H_8",2,0.666666666666667
"484","medium","Fairlie",2019,"May","H",8,3,38.71,"17072020",0.94726571436641,1.52282717017607,"Fairlie_2019_May_H_8",2,0.666666666666667
"485","medium","Fairlie",2019,"May","H",9,1,37.52,"17072020",2.28143210661053,1.51045873184775,"Fairlie_2019_May_H_9",3,1
"486","medium","Fairlie",2019,"May","H",9,2,38.62,"17072020",1.0123777417189,1.52182789264694,"Fairlie_2019_May_H_9",3,1
"487","medium","Fairlie",2019,"May","H",9,3,37.992,"17072020",1.60989073944595,1.51514472468727,"Fairlie_2019_May_H_9",3,1
"488","medium","Fairlie",2019,"May","H",10,1,38.824,"17072020",0.870767431556457,1.52410774260842,"Fairlie_2019_May_H_10",2,0.666666666666667
"489","medium","Fairlie",2019,"May","H",10,3,37.97,"17072020",1.63626522821106,1.5149198462617,"Fairlie_2019_May_H_10",2,0.666666666666667
"490","medium","Fairlie",2019,"May","J",1,1,36.579,"17072020",4.57159220849215,1.50199501660974,"Fairlie_2019_May_J_1",3,1
"491","medium","Fairlie",2019,"May","J",1,2,36.502,"17072020",4.83913826587703,1.50135487911773,"Fairlie_2019_May_J_1",3,1
"492","medium","Fairlie",2019,"May","J",1,3,36.756,"17072020",4.01132918936905,1.50349675657099,"Fairlie_2019_May_J_1",3,1
"493","medium","Fairlie",2019,"May","J",2,1,38.833,"17072020",0.864997993870965,1.5242095445178,"Fairlie_2019_May_J_2",2,0.666666666666667
"494","medium","Fairlie",2019,"May","J",2,3,37.552,"17072020",2.22813954512875,1.51076720016686,"Fairlie_2019_May_J_2",2,0.666666666666667
"495","medium","Fairlie",2019,"May","J",4,1,38.5,"17072020",1.10620838865043,1.52051163070217,"Fairlie_2019_May_J_4",2,0.666666666666667
"496","medium","Fairlie",2019,"May","J",4,2,38.927,"17072020",0.80697705297241,1.52527895447115,"Fairlie_2019_May_J_4",2,0.666666666666667
"497","medium","Fairlie",2019,"May","J",5,1,38.619,"17072020",1.01312579844171,1.52181684766744,"Fairlie_2019_May_J_5",2,0.666666666666667
"498","medium","Fairlie",2019,"May","J",5,3,37.604,"17072020",2.14418126756237,1.51127133299585,"Fairlie_2019_May_J_5",2,0.666666666666667
"499","medium","Fairlie",2019,"May","J",7,1,38.246,"17072020",1.33449415164913,1.51778652493702,"Fairlie_2019_May_J_7",3,1
"500","medium","Fairlie",2019,"May","J",7,2,39.26,"17072020",0.631014498789545,1.52915728123546,"Fairlie_2019_May_J_7",3,1
"501","medium","Fairlie",2019,"May","J",7,3,38.79,"17072020",0.892912519725899,1.5237240867998,"Fairlie_2019_May_J_7",3,1
"502","medium","Fairlie",2019,"May","J",8,1,36.932,"17072020",3.5223289319901,1.50503168061549,"Fairlie_2019_May_J_8",3,1
"503","medium","Fairlie",2019,"May","J",8,2,36.868,"17072020",3.6928378205458,1.50446872997784,"Fairlie_2019_May_J_8",3,1
"504","medium","Fairlie",2019,"May","J",8,3,35.828,"17072020",7.96119050366593,1.4960946548239,"Fairlie_2019_May_J_8",3,1
"505","medium","Fairlie",2019,"May","J",10,2,40.36,"17072020",0.280010538742495,1.54295059756958,"Fairlie_2019_May_J_10",2,0.666666666666667
"506","medium","Fairlie",2019,"May","J",10,3,37.75,"17072020",1.92498209184707,1.5127057512708,"Fairlie_2019_May_J_10",2,0.666666666666667
"507","medium","Fairlie",2019,"May","K",1,1,39.942,"17072020",0.381296713801756,1.53753327455929,"Fairlie_2019_May_K_1",3,1
"508","medium","Fairlie",2019,"May","K",1,2,38.69,"17072020",0.961363313777763,1.52260421518091,"Fairlie_2019_May_K_1",3,1
"509","medium","Fairlie",2019,"May","K",1,3,39.397,"17072020",0.57028455684815,1.53079335587809,"Fairlie_2019_May_K_1",3,1
"510","medium","Fairlie",2019,"May","K",3,1,37.796,"17072020",1.86067500009455,1.51316347428371,"Fairlie_2019_May_K_3",3,1
"511","medium","Fairlie",2019,"May","K",3,2,38.897,"17072020",0.825058561460134,1.52493643555222,"Fairlie_2019_May_K_3",3,1
"512","medium","Fairlie",2019,"May","K",3,3,36.976,"17072020",3.40969326378236,1.50542188333786,"Fairlie_2019_May_K_3",3,1
"513","medium","Fairlie",2019,"May","K",4,1,37.25,"17072020",2.78496574466905,1.50790980223002,"Fairlie_2019_May_K_4",3,1
"514","medium","Fairlie",2019,"May","K",4,2,40.401,"17072020",0.271657774007272,1.54349344208933,"Fairlie_2019_May_K_4",3,1
"515","medium","Fairlie",2019,"May","K",4,3,38.88,"17072020",0.835484010571737,1.52474284808628,"Fairlie_2019_May_K_4",3,1
"516","medium","Fairlie",2019,"May","K",5,1,39.63,"17072020",0.480118451486965,1.53362972042362,"Fairlie_2019_May_K_5",2,0.666666666666667
"517","medium","Fairlie",2019,"May","K",5,2,39.202,"17072020",0.658635211813047,1.52847172931863,"Fairlie_2019_May_K_5",2,0.666666666666667
"518","medium","Largs",2018,"July","L",1,1,37.34,"17072020",2.60584805147011,1.50874874308852,"Largs_2018_July_L_1",2,0.666666666666667
"519","medium","Largs",2018,"July","L",1,2,37.51,"17072020",2.2983460162907,1.51036261185619,"Largs_2018_July_L_1",2,0.666666666666667
"520","medium","Largs",2018,"July","L",2,1,38.87,"17072020",0.84167805906132,1.52462914438536,"Largs_2018_July_L_2",3,1
"521","medium","Largs",2018,"July","L",2,2,38.7,"17072020",0.954288481640299,1.52271562891713,"Largs_2018_July_L_2",3,1
"522","medium","Largs",2018,"July","L",2,3,36.85,"17072020",3.74226371699786,1.50431138702634,"Largs_2018_July_L_2",3,1
"523","medium","Largs",2018,"July","L",3,1,37.94,"17072020",1.67292815871582,1.51461420859884,"Largs_2018_July_L_3",3,1
"524","medium","Largs",2018,"July","L",3,2,38.79,"17072020",0.892912519725899,1.5237240867998,"Largs_2018_July_L_3",3,1
"525","medium","Largs",2018,"July","L",3,3,39.8,"17072020",0.423462269682298,1.53574173745364,"Largs_2018_July_L_3",3,1
"526","medium","Largs",2018,"July","L",4,1,36.86,"17072020",3.71472377738041,1.50439874625485,"Largs_2018_July_L_4",3,1
"527","medium","Largs",2018,"July","L",4,2,39.54,"17072020",0.513120264253475,1.53252611249561,"Largs_2018_July_L_4",3,1
"528","medium","Largs",2018,"July","L",4,3,40.53,"17072020",0.246968009464386,1.54521471700795,"Largs_2018_July_L_4",3,1
"529","medium","Largs",2018,"July","L",5,2,37.85,"17072020",1.78791991063614,1.51370432953116,"Largs_2018_July_L_5",2,0.666666666666667
"530","medium","Largs",2018,"July","L",5,3,36.43,"17072020",5.1034591957113,1.50076354683905,"Largs_2018_July_L_5",2,0.666666666666667
"531","medium","Largs",2018,"July","M",1,1,35.2,"17072020",12.6599453333057,1.49175316605138,"Largs_2018_July_M_1",3,1
"532","medium","Largs",2018,"July","M",1,2,36.26,"17072020",5.78626503870141,1.49939516932123,"Largs_2018_July_M_1",3,1
"533","medium","Largs",2018,"July","M",1,3,35.71,"17072020",8.68621956533987,1.49523747177414,"Largs_2018_July_M_1",3,1
"534","medium","Largs",2018,"July","M",2,1,38.36,"17072020",1.22672448420227,1.51899933412086,"Largs_2018_July_M_2",2,0.666666666666667
"535","medium","Largs",2018,"July","M",2,3,36.9,"17072020",3.60657586866765,1.50474952088295,"Largs_2018_July_M_2",2,0.666666666666667
"536","medium","Largs",2018,"July","M",3,1,38.53,"17072020",1.08196536239399,1.52083896745219,"Largs_2018_July_M_3",3,1
"537","medium","Largs",2018,"July","M",3,2,39.14,"17072020",0.689499090266305,1.52774357524552,"Largs_2018_July_M_3",3,1
"538","medium","Largs",2018,"July","M",3,3,37.95,"17072020",1.66061680282016,1.51471595767707,"Largs_2018_July_M_3",3,1
"539","medium","Largs",2018,"July","M",4,1,38.31,"17072020",1.27287673825616,1.51846533760293,"Largs_2018_July_M_4",3,1
"540","medium","Largs",2018,"July","M",4,2,37.49,"17072020",2.33255095050814,1.51017076687981,"Largs_2018_July_M_4",3,1
"541","medium","Largs",2018,"July","M",4,3,35.55,"17072020",9.77589696336108,1.49410573544965,"Largs_2018_July_M_4",3,1
"542","medium","Largs",2018,"July","M",5,2,39.8,"17072020",0.423462269682298,1.53574173745364,"Largs_2018_July_M_5",2,0.666666666666667
"543","medium","Largs",2018,"July","M",5,3,38.08,"17072020",1.50857603855881,1.51605052713206,"Largs_2018_July_M_5",2,0.666666666666667
"544","medium","Largs",2018,"July","N",2,1,38.2,"17072020",1.38061582139207,1.51730189465202,"Largs_2018_July_N_2",3,1
"545","medium","Largs",2018,"July","N",2,2,37.49,"17072020",2.33255095050814,1.51017076687981,"Largs_2018_July_N_2",3,1
"546","medium","Largs",2018,"July","N",2,3,36.81,"17072020",3.85448040384506,1.50396328879232,"Largs_2018_July_N_2",3,1
"547","medium","Largs",2018,"July","N",3,1,38.77,"17072020",0.906201212456526,1.5234990937165,"Largs_2018_July_N_3",3,1
"548","medium","Largs",2018,"July","N",3,2,39.77,"17072020",0.432950565037521,1.53536642844736,"Largs_2018_July_N_3",3,1
"549","medium","Largs",2018,"July","N",3,3,40.46,"17072020",0.260073285630042,1.54427818946168,"Largs_2018_July_N_3",3,1
"550","medium","Largs",2018,"July","N",4,1,36.47,"17072020",4.95488060082952,1.50109120047106,"Largs_2018_July_N_4",3,1
"551","medium","Largs",2018,"July","N",4,2,37.84,"17072020",1.80117505673329,1.51360388389291,"Largs_2018_July_N_4",3,1
"552","medium","Largs",2018,"July","N",4,3,37.03,"17072020",3.27636931498978,1.50590429871877,"Largs_2018_July_N_4",3,1
"553","medium","Largs",2017,"July","L",1,2,37.61,"392",3.41302637982379,1.34784203751055,"Largs_2017_July_L_1",2,0.666666666666667
"554","medium","Largs",2017,"July","L",1,3,37.51,"392",3.65804396579562,1.34742995145249,"Largs_2017_July_L_1",2,0.666666666666667
"555","medium","Largs",2017,"July","L",2,1,35.7,"392",12.8300046813235,1.34078390529826,"Largs_2017_July_L_2",3,1
"556","medium","Largs",2017,"July","L",2,2,35.61,"392",13.6560520415509,1.340494152167,"Largs_2017_July_L_2",3,1
"557","medium","Largs",2017,"July","L",2,3,36.48,"392",7.47092648253948,1.34345769044344,"Largs_2017_July_L_2",3,1
"558","medium","Largs",2017,"July","L",3,1,36.39,"392",7.95193481048948,1.34313436682304,"Largs_2017_July_L_3",3,1
"559","medium","Largs",2017,"July","L",3,2,37.65,"392",3.31967780379134,1.34800817130383,"Largs_2017_July_L_3",3,1
"560","medium","Largs",2017,"July","L",3,3,36.72,"392",6.32575256975454,1.34433865640382,"Largs_2017_July_L_3",3,1
"561","medium","Largs",2017,"July","L",4,1,36.45,"392",7.62793960012182,1.34334948859571,"Largs_2017_July_L_4",3,1
"562","medium","Largs",2017,"July","L",4,2,36.6,"392",6.87453506757883,1.34389476528745,"Largs_2017_July_L_4",3,1
"563","medium","Largs",2017,"July","L",4,3,38.29,"392",2.13008320863192,1.35076673519483,"Largs_2017_July_L_4",3,1
"564","medium","Largs",2017,"July","L",5,1,39.43,"392",0.966386431264035,1.3561424487139,"Largs_2017_July_L_5",2,0.666666666666667
"565","medium","Largs",2017,"July","L",5,3,37.33,"392",4.14424686449331,1.34669991691081,"Largs_2017_July_L_5",2,0.666666666666667
"566","medium","Largs",2017,"July","M",1,1,37.72,"392",3.16241922512179,1.34830068944897,"Largs_2017_July_M_1",3,1
"567","medium","Largs",2017,"July","M",1,2,37.75,"392",3.09732414995485,1.34842674875099,"Largs_2017_July_M_1",3,1
"568","medium","Largs",2017,"July","M",1,3,39.8,"392",0.747732922019782,1.35801232887291,"Largs_2017_July_M_1",3,1
"569","medium","Largs",2017,"July","M",2,2,36.26,"392",8.70191566034866,1.34267414127975,"Largs_2017_July_M_2",2,0.666666666666667
"570","medium","Largs",2017,"July","M",2,3,36.6,"392",6.87453506757883,1.34389476528745,"Largs_2017_July_M_2",2,0.666666666666667
"571","medium","Largs",2017,"July","M",3,1,37.59,"392",3.46068045519867,1.34775924889473,"Largs_2017_July_M_3",2,0.666666666666667
"572","medium","Largs",2017,"July","M",3,2,38.35,"392",2.04329467556058,1.35103499054451,"Largs_2017_July_M_3",2,0.666666666666667
"573","medium","Largs",2017,"July","M",4,1,34.96,"392",21.4306555752201,1.33851774116561,"Largs_2017_July_M_4",3,1
"574","medium","Largs",2017,"July","M",4,2,34.97,"392",21.2825924668325,1.33854659456672,"Largs_2017_July_M_4",3,1
"575","medium","Largs",2017,"July","M",4,3,34.63,"392",26.9399054422415,1.33759294317901,"Largs_2017_July_M_4",3,1
"576","medium","Largs",2017,"July","M",5,1,36.78,"392",6.06801485139852,1.34456315317391,"Largs_2017_July_M_5",3,1
"577","medium","Largs",2017,"July","M",5,2,36.59,"392",6.92236124441382,1.3438580818251,"Largs_2017_July_M_5",3,1
"578","medium","Largs",2017,"July","M",5,3,35.94,"392",10.8633695261927,1.34157561680389,"Largs_2017_July_M_5",3,1
"579","medium","Largs",2017,"July","N",1,1,34.82,"392",23.6150268018317,1.33811891026954,"Largs_2017_July_N_1",3,1
"580","medium","Largs",2017,"July","N",1,2,34.81,"392",23.7793166682277,1.33809078812686,"Largs_2017_July_N_1",3,1
"581","medium","Largs",2017,"July","N",1,3,35.73,"392",12.5659125228619,1.34088135601536,"Largs_2017_July_N_1",3,1
"582","medium","Largs",2017,"July","N",2,1,34.33,"392",33.1683520779724,1.33679845950506,"Largs_2017_July_N_2",3,1
"583","medium","Largs",2017,"July","N",2,2,34.34,"392",32.9391939315253,1.33682423063093,"Largs_2017_July_N_2",3,1
"584","medium","Largs",2017,"July","N",2,3,34.7,"392",25.6637179657037,1.33778466763655,"Largs_2017_July_N_2",3,1
"585","medium","Largs",2017,"July","N",3,1,35.45,"392",15.2580841098146,1.33998867676126,"Largs_2017_July_N_3",3,1
"586","medium","Largs",2017,"July","N",3,2,34.33,"392",33.1683520779724,1.33679845950506,"Largs_2017_July_N_3",3,1
"587","medium","Largs",2017,"July","N",3,3,35.01,"392",20.7004991924288,1.33866249500187,"Largs_2017_July_N_3",3,1
"588","medium","Largs",2017,"July","N",4,1,34.53,"392",28.8738930131516,1.33732321170099,"Largs_2017_July_N_4",3,1
"589","medium","Largs",2017,"July","N",4,2,34.48,"392",29.8923446496851,1.33719018348663,"Largs_2017_July_N_4",3,1
"590","medium","Largs",2017,"July","N",4,3,34.52,"392",29.0747688396019,1.33729650800479,"Largs_2017_July_N_4",3,1
"591","medium","Largs",2017,"July","N",5,1,33.73,"392",50.2781802028258,1.3353423811081,"Largs_2017_July_N_5",3,1
"592","medium","Largs",2017,"July","N",5,2,33.23,"392",71.1092224325025,1.33426516207723,"Largs_2017_July_N_5",3,1
"593","medium","Largs",2017,"July","N",5,3,32.7,"392",102.684547119565,1.33325934886474,"Largs_2017_July_N_5",3,1
"594","medium","Largs",2017,"October","L",1,2,37.18,"90720203",4.35517312934221,1.39324501513175,"Largs_2017_October_L_1",2,0.666666666666667
"595","medium","Largs",2017,"October","L",1,3,38.55,"90720203",1.6872239439169,1.40042176504317,"Largs_2017_October_L_1",2,0.666666666666667
"596","medium","Largs",2017,"October","L",2,1,36.732,"90720203",5.9385131300732,1.39121225409738,"Largs_2017_October_L_2",3,1
"597","medium","Largs",2017,"October","L",2,2,37.565,"90720203",3.33634857655764,1.39511644037202,"Largs_2017_October_L_2",3,1
"598","medium","Largs",2017,"October","L",2,3,36.673,"90720203",6.1860522167364,1.39095622885455,"Largs_2017_October_L_2",3,1
"599","medium","Largs",2017,"October","L",4,1,35.97,"90720203",10.063310411869,1.38811638863723,"Largs_2017_October_L_4",3,1
"600","medium","Largs",2017,"October","L",4,2,37.289,"90720203",4.03867748399632,1.39376320971147,"Largs_2017_October_L_4",3,1
"601","medium","Largs",2017,"October","L",4,3,35.592,"90720203",13.0728602848131,1.3867512468429,"Largs_2017_October_L_4",3,1
"602","medium","Largs",2017,"October","L",5,1,35.643,"90720203",12.6194265907386,1.3869287906712,"Largs_2017_October_L_5",3,1
"603","medium","Largs",2017,"October","L",5,2,37.28,"90720203",4.06391525888962,1.39372007417918,"Largs_2017_October_L_5",3,1
"604","medium","Largs",2017,"October","L",5,3,36.72,"90720203",5.98804443898131,1.39115996026295,"Largs_2017_October_L_5",3,1
"605","medium","Largs",2017,"October","M",1,1,38.22,"90720203",2.12018279485249,1.39856209687859,"Largs_2017_October_M_1",3,1
"606","medium","Largs",2017,"October","M",1,2,36.94,"90720203",5.14222762827349,1.39213657357849,"Largs_2017_October_M_1",3,1
"607","medium","Largs",2017,"October","M",1,3,37.24,"90720203",4.1780050026468,1.39352912005717,"Largs_2017_October_M_1",3,1
"608","medium","Largs",2017,"October","M",2,1,37.723,"90720203",2.99071745493231,1.39591754286178,"Largs_2017_October_M_2",2,0.666666666666667
"609","medium","Largs",2017,"October","M",2,2,37.19,"90720203",4.32513179668946,1.39329217198108,"Largs_2017_October_M_2",2,0.666666666666667
"610","medium","Largs",2017,"October","M",3,1,39.451,"90720203",0.904326165780179,1.4059151762139,"Largs_2017_October_M_3",2,0.666666666666667
"611","medium","Largs",2017,"October","M",3,2,38.375,"90720203",1.90449175136696,1.39942531841672,"Largs_2017_October_M_3",2,0.666666666666667
"612","medium","Largs",2017,"October","M",4,2,37.38,"90720203",3.79213563754017,1.3942028801131,"Largs_2017_October_M_4",2,0.666666666666667
"613","medium","Largs",2017,"October","M",4,3,37.43,"90720203",3.66313962420407,1.39444718324403,"Largs_2017_October_M_4",2,0.666666666666667
"614","medium","Largs",2017,"October","M",5,1,37.8,"90720203",2.83549303198927,1.39631490221487,"Largs_2017_October_M_5",3,1
"615","medium","Largs",2017,"October","M",5,2,35.93,"90720203",10.3458262698775,1.38796655270783,"Largs_2017_October_M_5",3,1
"616","medium","Largs",2017,"October","M",5,3,36.463,"90720203",7.15387291427813,1.39006711319433,"Largs_2017_October_M_5",3,1
"617","medium","Largs",2017,"October","N",1,1,35.42,"90720203",14.7256733414236,1.3861677909144,"Largs_2017_October_N_1",3,1
"618","medium","Largs",2017,"October","N",1,2,35.395,"90720203",14.9827094452463,1.38608495574644,"Largs_2017_October_N_1",3,1
"619","medium","Largs",2017,"October","N",1,3,36.78,"90720203",5.74445122596399,1.39142255670258,"Largs_2017_October_N_1",3,1
"620","medium","Largs",2017,"October","N",2,1,35.437,"90720203",14.5534121822671,1.38622440457047,"Largs_2017_October_N_2",3,1
"621","medium","Largs",2017,"October","N",2,2,35.757,"90720203",11.661927354517,1.3873331531732,"Largs_2017_October_N_2",3,1
"622","medium","Largs",2017,"October","N",2,3,34.434,"90720203",29.1389876173374,1.38328173940698,"Largs_2017_October_N_2",3,1
"623","medium","Largs",2017,"October","N",3,2,37.687,"90720203",3.06617731664592,1.39573332525745,"Largs_2017_October_N_3",2,0.666666666666667
"624","medium","Largs",2017,"October","N",3,3,37.38,"90720203",3.79213563754017,1.3942028801131,"Largs_2017_October_N_3",2,0.666666666666667
"625","medium","Largs",2017,"October","N",4,1,35.674,"90720203",12.3515306281926,1.38703772343542,"Largs_2017_October_N_4",3,1
"626","medium","Largs",2017,"October","N",4,2,35.357,"90720203",15.382022918312,1.38596000474,"Largs_2017_October_N_4",3,1
"627","medium","Largs",2017,"October","N",4,3,35.846,"90720203",10.9651919109012,1.38765603376642,"Largs_2017_October_N_4",3,1
"628","medium","Largs",2017,"October","N",5,1,35.163,"90720203",17.5926542855851,1.38534013834618,"Largs_2017_October_N_5",3,1
"629","medium","Largs",2017,"October","N",5,2,34.685,"90720203",24.4918674084048,1.38394201814459,"Largs_2017_October_N_5",3,1
"630","medium","Largs",2017,"October","N",5,3,34.962,"90720203",20.2187143878824,1.38472979538616,"Largs_2017_October_N_5",3,1
"631","medium","Largs",2018,"April","M",5,1,37.41,"385",4.73118773008124,1.39976318487842,"Largs_2018_April_M_5",2,0.666666666666667
"632","medium","Largs",2018,"April","M",5,2,38.73,"385",1.95481057565384,1.40609922818344,"Largs_2018_April_M_5",2,0.666666666666667
"633","medium","Largs",2018,"April","N",1,1,40.02,"385",0.824068654340872,1.41313818667848,"Largs_2018_April_N_1",2,0.666666666666667
"634","medium","Largs",2018,"April","N",1,3,37.35,"385",4.92514037033175,1.39949637887369,"Largs_2018_April_N_1",2,0.666666666666667
"635","medium","Largs",2018,"April","N",2,1,37.18,"385",5.51894208098786,1.39875053459206,"Largs_2018_April_N_2",3,1
"636","medium","Largs",2018,"April","N",2,2,39.37,"385",1.27346810854277,1.40948817664986,"Largs_2018_April_N_2",3,1
"637","medium","Largs",2018,"April","N",2,3,37.63,"385",4.0831242652788,1.40075735164834,"Largs_2018_April_N_2",3,1
"638","medium","Largs",2018,"April","N",4,1,38.35,"385",2.52122389808385,1.4041843577939,"Largs_2018_April_N_4",2,0.666666666666667
"639","medium","Largs",2018,"April","N",4,3,37.46,"385",4.57540793462338,1.39998694237623,"Largs_2018_April_N_4",2,0.666666666666667
"640","medium","Largs",2018,"October","L",1,1,38.75,"2152",1.18519741400229,1.60378439242287,"Largs_2018_October_L_1",2,0.666666666666667
"641","medium","Largs",2018,"October","L",1,2,38.64,"2152",1.28162206191943,1.60294753969908,"Largs_2018_October_L_1",2,0.666666666666667
"642","medium","Largs",2018,"October","L",2,1,38.7,"2152",1.22809305908483,1.60340280831787,"Largs_2018_October_L_2",3,1
"643","medium","Largs",2018,"October","L",2,2,40.12,"2152",0.447423467132992,1.61500985658998,"Largs_2018_October_L_2",3,1
"644","medium","Largs",2018,"October","L",2,3,40.18,"2152",0.428736107768593,1.61553518402621,"Largs_2018_October_L_2",3,1
"645","medium","Largs",2018,"October","L",4,1,39.04,"2152",0.964351414490503,1.60603682639914,"Largs_2018_October_L_4",2,0.666666666666667
"646","medium","Largs",2018,"October","L",4,2,39.44,"2152",0.725622379843439,1.60925307671687,"Largs_2018_October_L_4",2,0.666666666666667
"647","medium","Largs",2018,"October","M",1,1,38.03,"2152",1.97758459574486,1.59848255992178,"Largs_2018_October_M_1",3,1
"648","medium","Largs",2018,"October","M",1,2,38.8,"2152",1.14380005632838,1.60416796910432,"Largs_2018_October_M_1",3,1
"649","medium","Largs",2018,"October","M",1,3,37.92,"2152",2.13847584990911,1.59770922039391,"Largs_2018_October_M_1",3,1
"650","medium","Largs",2018,"October","M",2,2,38.33,"2152",1.59768655615574,1.60064116030443,"Largs_2018_October_M_2",2,0.666666666666667
"651","medium","Largs",2018,"October","M",2,3,39.84,"2152",0.545991668823169,1.61259550601868,"Largs_2018_October_M_2",2,0.666666666666667
"652","medium","Largs",2018,"October","M",3,1,38.3,"2152",1.63213444286263,1.60042204693961,"Largs_2018_October_M_3",3,1
"653","medium","Largs",2018,"October","M",3,2,39.91,"2152",0.519480442356025,1.61319334467802,"Largs_2018_October_M_3",3,1
"654","medium","Largs",2018,"October","M",3,3,38.65,"2152",1.27254121883312,1.60302321828546,"Largs_2018_October_M_3",3,1
"655","medium","Largs",2018,"October","M",4,1,38.13,"2152",1.84184851080643,1.59919405389374,"Largs_2018_October_M_4",3,1
"656","medium","Largs",2018,"October","M",4,2,39.04,"2152",0.964351414490503,1.60603682639914,"Largs_2018_October_M_4",3,1
"657","medium","Largs",2018,"October","M",4,3,38.89,"2152",1.07289461789191,1.60486342363312,"Largs_2018_October_M_4",3,1
"658","medium","Largs",2018,"October","M",5,1,38.07,"2152",1.92212932782313,1.59876619156785,"Largs_2018_October_M_5",3,1
"659","medium","Largs",2018,"October","M",5,2,37.26,"2152",3.41916474972143,1.59327470385919,"Largs_2018_October_M_5",3,1
"660","medium","Largs",2018,"October","M",5,3,37.87,"2152",2.21587333659913,1.59736092851078,"Largs_2018_October_M_5",3,1
"661","medium","Largs",2018,"October","N",1,1,35.47,"2152",12.209358594702,1.58304145091513,"Largs_2018_October_N_1",3,1
"662","medium","Largs",2018,"October","N",1,2,35.22,"2152",14.5846414698224,1.58182313513268,"Largs_2018_October_N_1",3,1
"663","medium","Largs",2018,"October","N",1,3,34.9,"2152",18.3111440775598,1.58033978812695,"Largs_2018_October_N_1",3,1
"664","medium","Largs",2018,"October","N",2,1,37.5,"2152",2.88273841614787,1.59484639098029,"Largs_2018_October_N_2",3,1
"665","medium","Largs",2018,"October","N",2,2,38.12,"2152",1.85499192578417,1.59912254235457,"Largs_2018_October_N_2",3,1
"666","medium","Largs",2018,"October","N",2,3,37.66,"2152",2.57273689392623,1.59592015892703,"Largs_2018_October_N_2",3,1
"667","medium","Largs",2018,"October","N",3,1,38.24,"2152",1.7032744339017,1.59998598689473,"Largs_2018_October_N_3",3,1
"668","medium","Largs",2018,"October","N",3,2,37.88,"2152",2.20017292173683,1.59743042546902,"Largs_2018_October_N_3",3,1
"669","medium","Largs",2018,"October","N",3,3,37.64,"2152",2.60958596005621,1.59578480342704,"Largs_2018_October_N_3",3,1
"670","medium","Largs",2018,"October","N",4,1,36.63,"2152",5.35144856774621,1.58937251269303,"Largs_2018_October_N_4",3,1
"671","medium","Largs",2018,"October","N",4,2,36.81,"2152",4.70852913439728,1.59045429725159,"Largs_2018_October_N_4",3,1
"672","medium","Largs",2018,"October","N",4,3,36,"2152",8.37573029365324,1.585796074272,"Largs_2018_October_N_4",3,1
"673","medium","Largs",2018,"October","N",5,1,37.52,"2152",2.84203225809902,1.5949794768429,"Largs_2018_October_N_5",3,1
"674","medium","Largs",2018,"October","N",5,2,36.97,"2152",4.20218725096041,1.59143815968096,"Largs_2018_October_N_5",3,1
"675","medium","Largs",2018,"October","N",5,3,37.47,"2152",2.94489344022468,1.59464737081983,"Largs_2018_October_N_5",3,1
"676","medium","Largs",2019,"May","N",1,1,38.58,"705",1.6513329257722,1.35267175112955,"Largs_2019_May_N_1",2,0.666666666666667
"677","medium","Largs",2019,"May","N",1,2,37.97,"705",2.54140847294302,1.35035442946965,"Largs_2019_May_N_1",2,0.666666666666667
"678","medium","Largs",2019,"May","N",2,2,36.78,"705",5.89312459791321,1.34629499074576,"Largs_2019_May_N_2",2,0.666666666666667
"679","medium","Largs",2019,"May","N",2,3,37.69,"705",3.09756641191642,1.34934410662267,"Largs_2019_May_N_2",2,0.666666666666667
"680","medium","Largs",2019,"May","N",3,1,36.96,"705",5.18912969175459,1.34686949961035,"Largs_2019_May_N_3",2,0.666666666666667
"681","medium","Largs",2019,"May","N",3,2,38.36,"705",1.92914006415303,1.3518176988405,"Largs_2019_May_N_3",2,0.666666666666667
"682","medium","Largs",2019,"May","N",5,1,37.77,"705",2.92728213810976,1.3496293267482,"Largs_2019_May_N_5",2,0.666666666666667
"683","medium","Largs",2019,"May","N",5,3,37.22,"705",4.31804717907244,1.34772432324199,"Largs_2019_May_N_5",2,0.666666666666667
